run,slug,chapter,endpoint,element_kind,element_id,element_revealed_chapter,detail
negative_injected,the-ninth-house,5,GET /works/{slug}/entities,entity,62,6,entity 'Thessaly' revealed at 6 served at n=5
negative_injected,the-ninth-house,5,GET /works/{slug}/entities,entity,63,6,entity 'Thorne' revealed at 6 served at n=5
negative_injected,the-ninth-house,5,GET /works/{slug}/entities,entity,64,6,entity 'Aldenreach' revealed at 6 served at n=5
negative_injected,the-ninth-house,5,GET /works/{slug}/entities,entity,65,6,entity 'House Ashcombe' revealed at 6 served at n=5
negative_injected,the-ninth-house,5,GET /works/{slug}/entities,entity,66,6,entity 'household' revealed at 6 served at n=5
negative_injected,the-ninth-house,5,GET /works/{slug}/entities,entity,67,6,entity 'scribe' revealed at 6 served at n=5
negative_injected,the-ninth-house,5,GET /works/{slug}/entities,entity,68,6,entity 'succession' revealed at 6 served at n=5
negative_injected,the-ninth-house,5,GET /works/{slug}/entities,entity,220,6,entity 'SYNTHETIC LEAK CANARY' revealed at 6 served at n=5
negative_injected,the-ninth-house,5,GET /works/{slug}/graph,graph_node_label,14:SYNTHETIC LABEL CANARY,6,label 'SYNTHETIC LABEL CANARY' (epithet) on node 14 is revealed at 6
negative_injected,the-ninth-house,5,GET /works/{slug}/graph,graph_node,62,6,node 'Thessaly' revealed at 6
negative_injected,the-ninth-house,5,GET /works/{slug}/graph,graph_node,63,6,node 'Thorne' revealed at 6
negative_injected,the-ninth-house,5,GET /works/{slug}/graph,graph_node,64,6,node 'Aldenreach' revealed at 6
negative_injected,the-ninth-house,5,GET /works/{slug}/graph,graph_node,65,6,node 'House Ashcombe' revealed at 6
negative_injected,the-ninth-house,5,GET /works/{slug}/graph,graph_node,66,6,node 'household' revealed at 6
negative_injected,the-ninth-house,5,GET /works/{slug}/graph,graph_node,67,6,node 'scribe' revealed at 6
negative_injected,the-ninth-house,5,GET /works/{slug}/graph,graph_node,220,6,node 'SYNTHETIC LABEL ON A HIDDEN NODE' revealed at 6
negative_injected,the-ninth-house,5,GET /works/{slug}/graph,graph_node_label,220:SYNTHETIC LABEL ON A HIDDEN NODE,6,label 'SYNTHETIC LABEL ON A HIDDEN NODE' rides an unrevealed node 220 (both-rule)
negative_injected,the-ninth-house,5,GET /works/{slug}/graph,graph_node_property,220:canary,6,property canary='synthetic' on node 220 is revealed no earlier than 6
negative_injected,the-ninth-house,5,GET /works/{slug}/graph,graph_edge,e1341,6,edge RelatedTo 14->220
negative_injected,the-ninth-house,5,GET /works/{slug}/graph,graph_edge,e1341,6,edge target 220 revealed at 6
negative_injected,the-ninth-house,5,GET /works/{slug}/graph,graph_edge,e232,6,edge LocatedIn 17->64
negative_injected,the-ninth-house,5,GET /works/{slug}/graph,graph_edge,e232,6,edge target 64 revealed at 6
negative_injected,the-ninth-house,5,GET /works/{slug}/graph,graph_edge,e243,6,edge AffiliatedWith 17->66
negative_injected,the-ninth-house,5,GET /works/{slug}/graph,graph_edge,e243,6,edge target 66 revealed at 6
negative_injected,the-ninth-house,5,GET /works/{slug}/graph,graph_edge,e248,6,edge LocatedIn 17->65
negative_injected,the-ninth-house,5,GET /works/{slug}/graph,graph_edge,e248,6,edge target 65 revealed at 6
negative_injected,the-ninth-house,5,GET /works/{slug}/graph,graph_edge,e226,6,edge RelatedTo 30->67
negative_injected,the-ninth-house,5,GET /works/{slug}/graph,graph_edge,e226,6,edge target 67 revealed at 6
negative_injected,the-ninth-house,5,GET /works/{slug}/graph,graph_edge,e227,6,edge RelatedTo 30->62
negative_injected,the-ninth-house,5,GET /works/{slug}/graph,graph_edge,e227,6,edge target 62 revealed at 6
negative_injected,the-ninth-house,5,GET /works/{slug}/graph,graph_edge,e230,6,edge LocatedIn 30->64
negative_injected,the-ninth-house,5,GET /works/{slug}/graph,graph_edge,e230,6,edge target 64 revealed at 6
negative_injected,the-ninth-house,5,GET /works/{slug}/graph,graph_edge,e234,6,edge RelatedTo 30->63
negative_injected,the-ninth-house,5,GET /works/{slug}/graph,graph_edge,e234,6,edge target 63 revealed at 6
negative_injected,the-ninth-house,5,GET /works/{slug}/graph,graph_edge,e239,6,edge MemberOf 30->66
negative_injected,the-ninth-house,5,GET /works/{slug}/graph,graph_edge,e239,6,edge target 66 revealed at 6
negative_injected,the-ninth-house,5,GET /works/{slug}/graph,graph_edge,e241,6,edge LocatedIn 30->65
negative_injected,the-ninth-house,5,GET /works/{slug}/graph,graph_edge,e241,6,edge target 65 revealed at 6
negative_injected,the-ninth-house,5,GET /works/{slug}/graph,graph_edge,e216,6,edge RelatedTo 60->62
negative_injected,the-ninth-house,5,GET /works/{slug}/graph,graph_edge,e216,6,edge target 62 revealed at 6
negative_injected,the-ninth-house,5,GET /works/{slug}/graph,graph_edge,e219,6,edge RelatedTo 60->67
negative_injected,the-ninth-house,5,GET /works/{slug}/graph,graph_edge,e219,6,edge target 67 revealed at 6
negative_injected,the-ninth-house,5,GET /works/{slug}/graph,graph_edge,e223,6,edge LocatedIn 60->64
negative_injected,the-ninth-house,5,GET /works/{slug}/graph,graph_edge,e223,6,edge target 64 revealed at 6
negative_injected,the-ninth-house,5,GET /works/{slug}/graph,graph_edge,e224,6,edge RelatedTo 60->63
negative_injected,the-ninth-house,5,GET /works/{slug}/graph,graph_edge,e224,6,edge target 63 revealed at 6
negative_injected,the-ninth-house,5,GET /works/{slug}/graph,graph_edge,e211,6,edge LocatedIn 61->44
negative_injected,the-ninth-house,5,GET /works/{slug}/graph,graph_edge,e213,6,edge LocatedIn 61->43
negative_injected,the-ninth-house,5,GET /works/{slug}/graph,graph_edge,e210,6,edge LocatedIn 62->44
negative_injected,the-ninth-house,5,GET /works/{slug}/graph,graph_edge,e210,6,edge source 62 revealed at 6
negative_injected,the-ninth-house,5,GET /works/{slug}/graph,graph_edge,e212,6,edge LocatedIn 62->43
negative_injected,the-ninth-house,5,GET /works/{slug}/graph,graph_edge,e212,6,edge source 62 revealed at 6
negative_injected,the-ninth-house,5,GET /works/{slug}/graph,graph_edge,e215,6,edge MemberOf 62->61
negative_injected,the-ninth-house,5,GET /works/{slug}/graph,graph_edge,e215,6,edge source 62 revealed at 6
negative_injected,the-ninth-house,5,GET /works/{slug}/graph,graph_edge,e217,6,edge RelatedTo 62->67
negative_injected,the-ninth-house,5,GET /works/{slug}/graph,graph_edge,e217,6,edge source 62 revealed at 6
negative_injected,the-ninth-house,5,GET /works/{slug}/graph,graph_edge,e217,6,edge target 67 revealed at 6
negative_injected,the-ninth-house,5,GET /works/{slug}/graph,graph_edge,e221,6,edge LocatedIn 62->64
negative_injected,the-ninth-house,5,GET /works/{slug}/graph,graph_edge,e221,6,edge source 62 revealed at 6
negative_injected,the-ninth-house,5,GET /works/{slug}/graph,graph_edge,e221,6,edge target 64 revealed at 6
negative_injected,the-ninth-house,5,GET /works/{slug}/graph,graph_edge,e222,6,edge RelatedTo 62->63
negative_injected,the-ninth-house,5,GET /works/{slug}/graph,graph_edge,e222,6,edge source 62 revealed at 6
negative_injected,the-ninth-house,5,GET /works/{slug}/graph,graph_edge,e222,6,edge target 63 revealed at 6
negative_injected,the-ninth-house,5,GET /works/{slug}/graph,graph_edge,e228,6,edge LeaderOf 62->66
negative_injected,the-ninth-house,5,GET /works/{slug}/graph,graph_edge,e228,6,edge source 62 revealed at 6
negative_injected,the-ninth-house,5,GET /works/{slug}/graph,graph_edge,e228,6,edge target 66 revealed at 6
negative_injected,the-ninth-house,5,GET /works/{slug}/graph,graph_edge,e1332,6,edge Mentor 62->60
negative_injected,the-ninth-house,5,GET /works/{slug}/graph,graph_edge,e1332,6,edge source 62 revealed at 6
negative_injected,the-ninth-house,5,GET /works/{slug}/graph,graph_edge,e225,6,edge RelatedTo 63->67
negative_injected,the-ninth-house,5,GET /works/{slug}/graph,graph_edge,e225,6,edge source 63 revealed at 6
negative_injected,the-ninth-house,5,GET /works/{slug}/graph,graph_edge,e225,6,edge target 67 revealed at 6
negative_injected,the-ninth-house,5,GET /works/{slug}/graph,graph_edge,e229,6,edge LocatedIn 63->64
negative_injected,the-ninth-house,5,GET /works/{slug}/graph,graph_edge,e229,6,edge source 63 revealed at 6
negative_injected,the-ninth-house,5,GET /works/{slug}/graph,graph_edge,e229,6,edge target 64 revealed at 6
negative_injected,the-ninth-house,5,GET /works/{slug}/graph,graph_edge,e235,6,edge LeaderOf 63->66
negative_injected,the-ninth-house,5,GET /works/{slug}/graph,graph_edge,e235,6,edge source 63 revealed at 6
negative_injected,the-ninth-house,5,GET /works/{slug}/graph,graph_edge,e235,6,edge target 66 revealed at 6
negative_injected,the-ninth-house,5,GET /works/{slug}/graph,graph_edge,e236,6,edge LeaderOf 63->17
negative_injected,the-ninth-house,5,GET /works/{slug}/graph,graph_edge,e236,6,edge source 63 revealed at 6
negative_injected,the-ninth-house,5,GET /works/{slug}/graph,graph_edge,e238,6,edge LocatedIn 63->65
negative_injected,the-ninth-house,5,GET /works/{slug}/graph,graph_edge,e238,6,edge source 63 revealed at 6
negative_injected,the-ninth-house,5,GET /works/{slug}/graph,graph_edge,e238,6,edge target 65 revealed at 6
negative_injected,the-ninth-house,5,GET /works/{slug}/graph,graph_edge,e1335,6,edge Serves 63->30
negative_injected,the-ninth-house,5,GET /works/{slug}/graph,graph_edge,e1335,6,edge source 63 revealed at 6
negative_injected,the-ninth-house,5,GET /works/{slug}/graph,graph_edge,e231,6,edge LocatedIn 66->64
negative_injected,the-ninth-house,5,GET /works/{slug}/graph,graph_edge,e231,6,edge source 66 revealed at 6
negative_injected,the-ninth-house,5,GET /works/{slug}/graph,graph_edge,e231,6,edge target 64 revealed at 6
negative_injected,the-ninth-house,5,GET /works/{slug}/graph,graph_edge,e245,6,edge LocatedIn 66->65
negative_injected,the-ninth-house,5,GET /works/{slug}/graph,graph_edge,e245,6,edge source 66 revealed at 6
negative_injected,the-ninth-house,5,GET /works/{slug}/graph,graph_edge,e245,6,edge target 65 revealed at 6
negative_injected,the-ninth-house,5,GET /works/{slug}/graph,graph_edge,e214,6,edge LocatedIn 67->43
negative_injected,the-ninth-house,5,GET /works/{slug}/graph,graph_edge,e214,6,edge source 67 revealed at 6
negative_injected,the-ninth-house,5,GET /works/{slug}/graph,graph_edge,e218,6,edge MemberOf 67->61
negative_injected,the-ninth-house,5,GET /works/{slug}/graph,graph_edge,e218,6,edge source 67 revealed at 6
negative_injected,the-ninth-house,5,GET /works/{slug}/graph,graph_edge,e220,6,edge LocatedIn 67->64
negative_injected,the-ninth-house,5,GET /works/{slug}/graph,graph_edge,e220,6,edge source 67 revealed at 6
negative_injected,the-ninth-house,5,GET /works/{slug}/graph,graph_edge,e220,6,edge target 64 revealed at 6
negative_injected,the-ninth-house,5,GET /works/{slug}/entity/{id},detail_entity,220,6,entity 'SYNTHETIC LEAK CANARY' served at n=5
negative_injected,the-ninth-house,5,GET /works/{slug}/entity/{id},detail_edge,1341,6,edge RelatedTo on entity 220
negative_injected,the-ninth-house,5,GET /works/{slug}/entity/{id},detail_property,220:canary,6,property canary='synthetic'
negative_sabotaged,the-ninth-house,5,GET /works/{slug}/entities,entity,62,6,entity 'Thessaly' revealed at 6 served at n=5
negative_sabotaged,the-ninth-house,5,GET /works/{slug}/entities,entity,63,6,entity 'Thorne' revealed at 6 served at n=5
negative_sabotaged,the-ninth-house,5,GET /works/{slug}/entities,entity,64,6,entity 'Aldenreach' revealed at 6 served at n=5
negative_sabotaged,the-ninth-house,5,GET /works/{slug}/entities,entity,65,6,entity 'House Ashcombe' revealed at 6 served at n=5
negative_sabotaged,the-ninth-house,5,GET /works/{slug}/entities,entity,66,6,entity 'household' revealed at 6 served at n=5
negative_sabotaged,the-ninth-house,5,GET /works/{slug}/entities,entity,67,6,entity 'scribe' revealed at 6 served at n=5
negative_sabotaged,the-ninth-house,5,GET /works/{slug}/entities,entity,68,6,entity 'succession' revealed at 6 served at n=5
negative_sabotaged,the-ninth-house,5,GET /works/{slug}/entities,entity,69,7,entity 'Mira' revealed at 7 served at n=5
negative_sabotaged,the-ninth-house,5,GET /works/{slug}/entities,entity,70,7,entity 'realm' revealed at 7 served at n=5
negative_sabotaged,the-ninth-house,5,GET /works/{slug}/entities,entity,71,7,entity 'Council chamber' revealed at 7 served at n=5
negative_sabotaged,the-ninth-house,5,GET /works/{slug}/entities,entity,72,7,entity 'Oswin' revealed at 7 served at n=5
negative_sabotaged,the-ninth-house,5,GET /works/{slug}/entities,entity,73,7,entity 'Pello Ashcombe' revealed at 7 served at n=5
negative_sabotaged,the-ninth-house,5,GET /works/{slug}/entities,entity,74,7,entity 'Choosing' revealed at 7 served at n=5
negative_sabotaged,the-ninth-house,5,GET /works/{slug}/entities,entity,75,7,entity 'argument' revealed at 7 served at n=5
negative_sabotaged,the-ninth-house,5,GET /works/{slug}/entities,entity,76,7,entity 'market stalls' revealed at 7 served at n=5
negative_sabotaged,the-ninth-house,5,GET /works/{slug}/entities,entity,77,7,entity 'nursery' revealed at 7 served at n=5
negative_sabotaged,the-ninth-house,5,GET /works/{slug}/entities,entity,78,8,entity 'Tobin' revealed at 8 served at n=5
negative_sabotaged,the-ninth-house,5,GET /works/{slug}/entities,entity,79,8,entity 'chancery girl' revealed at 8 served at n=5
negative_sabotaged,the-ninth-house,5,GET /works/{slug}/entities,entity,80,8,"entity ""The Regent's household"" revealed at 8 served at n=5"
negative_sabotaged,the-ninth-house,5,GET /works/{slug}/entities,entity,81,8,entity 'guard-captain' revealed at 8 served at n=5
negative_sabotaged,the-ninth-house,5,GET /works/{slug}/entities,entity,82,8,entity 'marriage' revealed at 8 served at n=5
negative_sabotaged,the-ninth-house,5,GET /works/{slug}/entities,entity,83,8,entity 'water-stained ledger' revealed at 8 served at n=5
negative_sabotaged,the-ninth-house,5,GET /works/{slug}/entities,entity,84,9,entity 'Hask' revealed at 9 served at n=5
negative_sabotaged,the-ninth-house,5,GET /works/{slug}/entities,entity,85,9,entity 'Drask' revealed at 9 served at n=5
negative_sabotaged,the-ninth-house,5,GET /works/{slug}/entities,entity,86,9,entity 'House Vell' revealed at 9 served at n=5
negative_sabotaged,the-ninth-house,5,GET /works/{slug}/entities,entity,87,9,entity 'Pryn Voss' revealed at 9 served at n=5
negative_sabotaged,the-ninth-house,5,GET /works/{slug}/entities,entity,88,9,entity 'Ettie Marsh' revealed at 9 served at n=5
negative_sabotaged,the-ninth-house,5,GET /works/{slug}/entities,entity,89,9,entity 'Captain' revealed at 9 served at n=5
negative_sabotaged,the-ninth-house,5,GET /works/{slug}/entities,entity,90,9,entity 'Casimir Lowe' revealed at 9 served at n=5
negative_sabotaged,the-ninth-house,5,GET /works/{slug}/entities,entity,91,9,entity 'quiet' revealed at 9 served at n=5
negative_sabotaged,the-ninth-house,5,GET /works/{slug}/entities,entity,92,9,entity 'trader' revealed at 9 served at n=5
negative_sabotaged,the-ninth-house,5,GET /works/{slug}/entities,entity,93,9,entity 'Across the Quarter' revealed at 9 served at n=5
negative_sabotaged,the-ninth-house,5,GET /works/{slug}/entities,entity,94,9,entity 'gilded rooms' revealed at 9 served at n=5
negative_sabotaged,the-ninth-house,5,GET /works/{slug}/entities,entity,95,9,entity 'Discipline' revealed at 9 served at n=5
negative_sabotaged,the-ninth-house,5,GET /works/{slug}/entities,entity,96,9,entity 'eastern docks' revealed at 9 served at n=5
negative_sabotaged,the-ninth-house,5,GET /works/{slug}/entities,entity,97,9,entity 'intended outcome' revealed at 9 served at n=5
negative_sabotaged,the-ninth-house,5,GET /works/{slug}/entities,entity,98,9,entity 'market row' revealed at 9 served at n=5
negative_sabotaged,the-ninth-house,5,GET /works/{slug}/entities,entity,99,10,entity 'Sable Vell' revealed at 10 served at n=5
negative_sabotaged,the-ninth-house,5,GET /works/{slug}/entities,entity,100,10,entity 'The record' revealed at 10 served at n=5
negative_sabotaged,the-ninth-house,5,GET /works/{slug}/entities,entity,101,10,entity 'Rain' revealed at 10 served at n=5
negative_sabotaged,the-ninth-house,5,GET /works/{slug}/entities,entity,102,10,entity 'S. Vell' revealed at 10 served at n=5
negative_sabotaged,the-ninth-house,5,GET /works/{slug}/entities,entity,103,10,entity 'downpour' revealed at 10 served at n=5
negative_sabotaged,the-ninth-house,5,GET /works/{slug}/entities,entity,104,11,entity 'mother' revealed at 11 served at n=5
negative_sabotaged,the-ninth-house,5,GET /works/{slug}/entities,entity,105,11,entity 'crisis' revealed at 11 served at n=5
negative_sabotaged,the-ninth-house,5,GET /works/{slug}/entities,entity,106,11,entity 'disappearance' revealed at 11 served at n=5
negative_sabotaged,the-ninth-house,5,GET /works/{slug}/entities,entity,107,11,entity 'empty room' revealed at 11 served at n=5
negative_sabotaged,the-ninth-house,5,GET /works/{slug}/entities,entity,108,11,entity 'father' revealed at 11 served at n=5
negative_sabotaged,the-ninth-house,5,GET /works/{slug}/entities,entity,109,11,entity 'grief' revealed at 11 served at n=5
negative_sabotaged,the-ninth-house,5,GET /works/{slug}/entities,entity,110,11,entity 'old room' revealed at 11 served at n=5
negative_sabotaged,the-ninth-house,5,GET /works/{slug}/entities,entity,111,11,entity 'patience' revealed at 11 served at n=5
negative_sabotaged,the-ninth-house,5,GET /works/{slug}/entities,entity,112,12,entity 'afternoon crowd' revealed at 12 served at n=5
negative_sabotaged,the-ninth-house,5,GET /works/{slug}/entities,entity,113,12,entity 'crown' revealed at 12 served at n=5
negative_sabotaged,the-ninth-house,5,GET /works/{slug}/entities,entity,114,12,entity 'note' revealed at 12 served at n=5
negative_sabotaged,the-ninth-house,5,GET /works/{slug}/entities,entity,115,12,entity 'Salt Tithe rolls' revealed at 12 served at n=5
negative_sabotaged,the-ninth-house,5,GET /works/{slug}/entities,entity,116,12,entity 'reign before last' revealed at 12 served at n=5
negative_sabotaged,the-ninth-house,5,GET /works/{slug}/entities,entity,117,13,entity 'raid' revealed at 13 served at n=5
negative_sabotaged,the-ninth-house,5,GET /works/{slug}/entities,entity,118,13,entity 'good officer' revealed at 13 served at n=5
negative_sabotaged,the-ninth-house,5,GET /works/{slug}/entities,entity,119,13,entity 'eastern stalls' revealed at 13 served at n=5
negative_sabotaged,the-ninth-house,5,GET /works/{slug}/entities,entity,120,13,entity 'smuggling ring' revealed at 13 served at n=5
negative_sabotaged,the-ninth-house,5,GET /works/{slug}/entities,entity,121,13,entity 'untaxed salt' revealed at 13 served at n=5
negative_sabotaged,the-ninth-house,5,GET /works/{slug}/entities,entity,122,14,entity 'Alden' revealed at 14 served at n=5
negative_sabotaged,the-ninth-house,5,GET /works/{slug}/entities,entity,123,14,entity 'Keep' revealed at 14 served at n=5
negative_sabotaged,the-ninth-house,5,GET /works/{slug}/entities,entity,124,14,entity 'The founding houses' revealed at 14 served at n=5
negative_sabotaged,the-ninth-house,5,GET /works/{slug}/entities,entity,125,14,entity 'boy' revealed at 14 served at n=5
negative_sabotaged,the-ninth-house,5,GET /works/{slug}/entities,entity,126,14,entity 'curiosity' revealed at 14 served at n=5
negative_sabotaged,the-ninth-house,5,GET /works/{slug}/entities,entity,127,15,entity 'Chancery steps' revealed at 15 served at n=5
negative_sabotaged,the-ninth-house,5,GET /works/{slug}/entities,entity,128,15,entity 'private language' revealed at 15 served at n=5
negative_sabotaged,the-ninth-house,5,GET /works/{slug}/entities,entity,129,16,entity 'Choirmaster' revealed at 16 served at n=5
negative_sabotaged,the-ninth-house,5,GET /works/{slug}/entities,entity,130,16,entity 'old woman' revealed at 16 served at n=5
negative_sabotaged,the-ninth-house,5,GET /works/{slug}/entities,entity,131,16,entity 'Undercroft itself' revealed at 16 served at n=5
negative_sabotaged,the-ninth-house,5,GET /works/{slug}/entities,entity,132,17,entity 'invitation' revealed at 17 served at n=5
negative_sabotaged,the-ninth-house,5,GET /works/{slug}/entities,entity,133,17,entity 'House Oswald' revealed at 17 served at n=5
negative_sabotaged,the-ninth-house,5,GET /works/{slug}/entities,entity,134,17,entity 'ambition' revealed at 17 served at n=5
negative_sabotaged,the-ninth-house,5,GET /works/{slug}/entities,entity,135,18,entity 'Ysolde' revealed at 18 served at n=5
negative_sabotaged,the-ninth-house,5,GET /works/{slug}/entities,entity,136,18,entity 'Soul-sight migraine' revealed at 18 served at n=5
negative_sabotaged,the-ninth-house,5,GET /works/{slug}/entities,entity,137,18,entity 'overwhelming' revealed at 18 served at n=5
negative_sabotaged,the-ninth-house,5,GET /works/{slug}/entities,entity,138,18,entity 'Vell Hall' revealed at 18 served at n=5
negative_sabotaged,the-ninth-house,5,GET /works/{slug}/entities,entity,139,18,entity 'borrowed gown' revealed at 18 served at n=5
negative_sabotaged,the-ninth-house,5,GET /works/{slug}/entities,entity,140,18,entity 'could manage it easily enough' revealed at 18 served at n=5
negative_sabotaged,the-ninth-house,5,GET /works/{slug}/entities,entity,141,18,entity 'front doors' revealed at 18 served at n=5
negative_sabotaged,the-ninth-house,5,GET /works/{slug}/entities,entity,142,18,entity 'garden doors' revealed at 18 served at n=5
negative_sabotaged,the-ninth-house,5,GET /works/{slug}/entities,entity,143,18,entity 'major gathering' revealed at 18 served at n=5
negative_sabotaged,the-ninth-house,5,GET /works/{slug}/entities,entity,144,18,entity 'masked guest' revealed at 18 served at n=5
negative_sabotaged,the-ninth-house,5,GET /works/{slug}/entities,entity,145,18,entity 'service entrance' revealed at 18 served at n=5
negative_sabotaged,the-ninth-house,5,GET /works/{slug}/entities,entity,146,18,entity 'side room' revealed at 18 served at n=5
negative_sabotaged,the-ninth-house,5,GET /works/{slug}/entities,entity,147,19,entity 'Kaelen' revealed at 19 served at n=5
negative_sabotaged,the-ninth-house,5,GET /works/{slug}/entities,entity,148,19,entity 'Grimoire' revealed at 19 served at n=5
negative_sabotaged,the-ninth-house,5,GET /works/{slug}/entities,entity,149,19,entity 'Chancery archives' revealed at 19 served at n=5
negative_sabotaged,the-ninth-house,5,GET /works/{slug}/entities,entity,150,20,entity 'Aurelia Marrow' revealed at 20 served at n=5
negative_sabotaged,the-ninth-house,5,GET /works/{slug}/entities,entity,151,20,entity 'Quill' revealed at 20 served at n=5
negative_sabotaged,the-ninth-house,5,GET /works/{slug}/entities,entity,152,21,entity 'ciphers' revealed at 21 served at n=5
negative_sabotaged,the-ninth-house,5,GET /works/{slug}/entities,entity,153,21,entity 'knowledge' revealed at 21 served at n=5
negative_sabotaged,the-ninth-house,5,GET /works/{slug}/entities,entity,154,21,entity 'Memory-warding' revealed at 21 served at n=5
negative_sabotaged,the-ninth-house,5,GET /works/{slug}/entities,entity,155,23,entity 'Wardens' revealed at 23 served at n=5
negative_sabotaged,the-ninth-house,5,GET /works/{slug}/entities,entity,156,23,entity 'guardroom' revealed at 23 served at n=5
negative_sabotaged,the-ninth-house,5,GET /works/{slug}/entities,entity,157,23,entity 'second raid' revealed at 23 served at n=5
negative_sabotaged,the-ninth-house,5,GET /works/{slug}/entities,entity,158,23,entity 'smuggling crew' revealed at 23 served at n=5
negative_sabotaged,the-ninth-house,5,GET /works/{slug}/entities,entity,159,24,entity 'seal' revealed at 24 served at n=5
negative_sabotaged,the-ninth-house,5,GET /works/{slug}/entities,entity,160,24,entity 'Marrowfall' revealed at 24 served at n=5
negative_sabotaged,the-ninth-house,5,GET /works/{slug}/entities,entity,161,24,entity 'fall' revealed at 24 served at n=5
negative_sabotaged,the-ninth-house,5,GET /works/{slug}/entities,entity,162,24,entity 'The Long Silence' revealed at 24 served at n=5
negative_sabotaged,the-ninth-house,5,GET /works/{slug}/entities,entity,163,24,entity 'cellar room' revealed at 24 served at n=5
negative_sabotaged,the-ninth-house,5,GET /works/{slug}/entities,entity,164,24,entity 'manor house' revealed at 24 served at n=5
negative_sabotaged,the-ninth-house,5,GET /works/{slug}/entities,entity,165,25,entity 'coin' revealed at 25 served at n=5
negative_sabotaged,the-ninth-house,5,GET /works/{slug}/entities,entity,166,25,entity 'stubborn piece of silver' revealed at 25 served at n=5
negative_sabotaged,the-ninth-house,5,GET /works/{slug}/entities,entity,167,27,entity 'Vell Masque' revealed at 27 served at n=5
negative_sabotaged,the-ninth-house,5,GET /works/{slug}/entities,entity,168,27,entity 'Tonight' revealed at 27 served at n=5
negative_sabotaged,the-ninth-house,5,GET /works/{slug}/entities,entity,169,27,entity 'writing desk' revealed at 27 served at n=5
negative_sabotaged,the-ninth-house,5,GET /works/{slug}/entities,entity,170,28,entity 'Regent' revealed at 28 served at n=5
negative_sabotaged,the-ninth-house,5,GET /works/{slug}/entities,entity,171,28,entity 'Conventional physic' revealed at 28 served at n=5
negative_sabotaged,the-ninth-house,5,GET /works/{slug}/entities,entity,172,28,entity 'Quarter apothecary' revealed at 28 served at n=5
negative_sabotaged,the-ninth-house,5,GET /works/{slug}/entities,entity,173,28,entity 'servants' revealed at 28 served at n=5
negative_sabotaged,the-ninth-house,5,GET /works/{slug}/entities,entity,174,28,entity 'woman' revealed at 28 served at n=5
negative_sabotaged,the-ninth-house,5,GET /works/{slug}/entities,entity,175,29,entity 'rebuilt archive' revealed at 29 served at n=5
negative_sabotaged,the-ninth-house,5,GET /works/{slug}/entities,entity,176,30,entity 'Undercroft collapse' revealed at 30 served at n=5
negative_sabotaged,the-ninth-house,5,GET /works/{slug}/entities,entity,177,30,entity 'fear' revealed at 30 served at n=5
negative_sabotaged,the-ninth-house,5,GET /works/{slug}/entities,entity,178,30,entity 'loyalty' revealed at 30 served at n=5
negative_sabotaged,the-ninth-house,5,GET /works/{slug}/entities,entity,179,30,entity 'my lord' revealed at 30 served at n=5
negative_sabotaged,the-ninth-house,5,GET /works/{slug}/entities,entity,180,30,entity 'familiar room' revealed at 30 served at n=5
negative_sabotaged,the-ninth-house,5,GET /works/{slug}/entities,entity,181,31,entity 'The meeting' revealed at 31 served at n=5
negative_sabotaged,the-ninth-house,5,GET /works/{slug}/entities,entity,182,31,entity 'Mistress Quill' revealed at 31 served at n=5
negative_sabotaged,the-ninth-house,5,GET /works/{slug}/entities,entity,183,31,entity 'audit chamber' revealed at 31 served at n=5
negative_sabotaged,the-ninth-house,5,GET /works/{slug}/entities,entity,184,31,entity 'quarterly audit' revealed at 31 served at n=5
negative_sabotaged,the-ninth-house,5,GET /works/{slug}/entities,entity,185,31,entity 'quiet place' revealed at 31 served at n=5
negative_sabotaged,the-ninth-house,5,GET /works/{slug}/entities,entity,186,32,entity 'dark building' revealed at 32 served at n=5
negative_sabotaged,the-ninth-house,5,GET /works/{slug}/entities,entity,187,32,entity 'tax rolls' revealed at 32 served at n=5
negative_sabotaged,the-ninth-house,5,GET /works/{slug}/entities,entity,188,33,entity 'Stone' revealed at 33 served at n=5
negative_sabotaged,the-ninth-house,5,GET /works/{slug}/entities,entity,189,33,entity 'east wall' revealed at 33 served at n=5
negative_sabotaged,the-ninth-house,5,GET /works/{slug}/entities,entity,190,33,entity 'ledgers' revealed at 33 served at n=5
negative_sabotaged,the-ninth-house,5,GET /works/{slug}/entities,entity,191,33,entity 'old fault line' revealed at 33 served at n=5
negative_sabotaged,the-ninth-house,5,GET /works/{slug}/entities,entity,192,33,entity 'old stonework' revealed at 33 served at n=5
negative_sabotaged,the-ninth-house,5,GET /works/{slug}/entities,entity,193,33,entity 'side alcove' revealed at 33 served at n=5
negative_sabotaged,the-ninth-house,5,GET /works/{slug}/entities,entity,194,33,entity 'stranger' revealed at 33 served at n=5
negative_sabotaged,the-ninth-house,5,GET /works/{slug}/entities,entity,195,35,entity 'Ashen Court' revealed at 35 served at n=5
negative_sabotaged,the-ninth-house,5,GET /works/{slug}/entities,entity,196,35,entity 'Sallowmere' revealed at 35 served at n=5
negative_sabotaged,the-ninth-house,5,GET /works/{slug}/entities,entity,197,35,entity 'Petra Hollis' revealed at 35 served at n=5
negative_sabotaged,the-ninth-house,5,GET /works/{slug}/entities,entity,198,35,entity 'Envoy Hollis' revealed at 35 served at n=5
negative_sabotaged,the-ninth-house,5,GET /works/{slug}/entities,entity,199,35,entity 'signing' revealed at 35 served at n=5
negative_sabotaged,the-ninth-house,5,GET /works/{slug}/entities,entity,200,35,entity 'Accord-related paperwork' revealed at 35 served at n=5
negative_sabotaged,the-ninth-house,5,GET /works/{slug}/entities,entity,201,35,entity 'guest quarters' revealed at 35 served at n=5
negative_sabotaged,the-ninth-house,5,GET /works/{slug}/entities,entity,202,35,entity 'mourning period' revealed at 35 served at n=5
negative_sabotaged,the-ninth-house,5,GET /works/{slug}/entities,entity,203,35,entity 'outer hall' revealed at 35 served at n=5
negative_sabotaged,the-ninth-house,5,GET /works/{slug}/entities,entity,204,35,entity 'shared coast' revealed at 35 served at n=5
negative_sabotaged,the-ninth-house,5,GET /works/{slug}/entities,entity,205,36,entity 'Magistrate Wyle' revealed at 36 served at n=5
negative_sabotaged,the-ninth-house,5,GET /works/{slug}/entities,entity,206,36,entity 'Magistrate' revealed at 36 served at n=5
negative_sabotaged,the-ninth-house,5,GET /works/{slug}/entities,entity,207,36,entity 'Sallow Concord' revealed at 36 served at n=5
negative_sabotaged,the-ninth-house,5,GET /works/{slug}/entities,entity,208,36,entity 'The Sallow Accord' revealed at 36 served at n=5
negative_sabotaged,the-ninth-house,5,GET /works/{slug}/entities,entity,209,36,entity 'ability' revealed at 36 served at n=5
negative_sabotaged,the-ninth-house,5,GET /works/{slug}/entities,entity,210,36,entity 'ceremony' revealed at 36 served at n=5
negative_sabotaged,the-ninth-house,5,GET /works/{slug}/entities,entity,211,36,entity 'southern circuit courts' revealed at 36 served at n=5
negative_sabotaged,the-ninth-house,5,GET /works/{slug}/entities,entity,212,37,entity 'Grey Road' revealed at 37 served at n=5
negative_sabotaged,the-ninth-house,5,GET /works/{slug}/entities,entity,213,37,entity 'Wanderer' revealed at 37 served at n=5
negative_sabotaged,the-ninth-house,5,GET /works/{slug}/entities,entity,214,38,entity 'mercy' revealed at 38 served at n=5
negative_sabotaged,the-ninth-house,5,GET /works/{slug}/entities,entity,215,38,entity 'aunt' revealed at 38 served at n=5
negative_sabotaged,the-ninth-house,5,GET /works/{slug}/entities,entity,216,38,entity 'scandal' revealed at 38 served at n=5
negative_sabotaged,the-ninth-house,5,GET /works/{slug}/entities,entity,217,39,entity 'child' revealed at 39 served at n=5
negative_sabotaged,the-ninth-house,5,GET /works/{slug}/entities,entity,218,40,entity 'gallery' revealed at 40 served at n=5
negative_sabotaged,the-ninth-house,5,GET /works/{slug}/entities,entity,219,40,entity 'Chancery scribes' revealed at 40 served at n=5
negative_sabotaged,the-ninth-house,5,GET /works/{slug}/graph,graph_edge,e316,8,edge RelatedTo 15->46
negative_sabotaged,the-ninth-house,5,GET /works/{slug}/graph,graph_edge,e481,10,edge LocatedIn 15->44
negative_sabotaged,the-ninth-house,5,GET /works/{slug}/graph,graph_edge,e682,17,edge LocatedIn 15->43
negative_sabotaged,the-ninth-house,5,GET /works/{slug}/graph,graph_edge,e801,22,edge RelatedTo 15->38
negative_sabotaged,the-ninth-house,5,GET /works/{slug}/graph,graph_edge,e644,16,edge RelatedTo 16->46
negative_sabotaged,the-ninth-house,5,GET /works/{slug}/graph,graph_edge,e986,31,edge RelatedTo 17->46
negative_sabotaged,the-ninth-house,5,GET /works/{slug}/graph,graph_edge,e1249,38,edge LocatedIn 17->43
negative_sabotaged,the-ninth-house,5,GET /works/{slug}/graph,graph_edge,e1286,39,edge LocatedIn 17->16
negative_sabotaged,the-ninth-house,5,GET /works/{slug}/graph,graph_edge,e312,8,edge RelatedTo 18->33
negative_sabotaged,the-ninth-house,5,GET /works/{slug}/graph,graph_edge,e345,8,edge RelatedTo 18->31
negative_sabotaged,the-ninth-house,5,GET /works/{slug}/graph,graph_edge,e882,26,edge LocatedIn 18->49
negative_sabotaged,the-ninth-house,5,GET /works/{slug}/graph,graph_edge,e884,26,edge RelatedTo 18->57
negative_sabotaged,the-ninth-house,5,GET /works/{slug}/graph,graph_edge,e885,26,edge MemberOf 18->61
negative_sabotaged,the-ninth-house,5,GET /works/{slug}/graph,graph_edge,e313,8,edge RelatedTo 19->33
negative_sabotaged,the-ninth-house,5,GET /works/{slug}/graph,graph_edge,e320,8,edge OwnsItem 19->46
negative_sabotaged,the-ninth-house,5,GET /works/{slug}/graph,graph_edge,e797,21,edge LocatedIn 19->43
negative_sabotaged,the-ninth-house,5,GET /works/{slug}/graph,graph_edge,e803,22,edge OwnsItem 19->38
negative_sabotaged,the-ninth-house,5,GET /works/{slug}/graph,graph_edge,e805,22,edge RelatedTo 19->32
negative_sabotaged,the-ninth-house,5,GET /works/{slug}/graph,graph_edge,e998,31,edge RelatedTo 19->30
negative_sabotaged,the-ninth-house,5,GET /works/{slug}/graph,graph_edge,e261,7,edge LeaderOf 30->61
negative_sabotaged,the-ninth-house,5,GET /works/{slug}/graph,graph_edge,e293,7,edge RelatedTo 30->57
negative_sabotaged,the-ninth-house,5,GET /works/{slug}/graph,graph_edge,e368,8,edge LocatedIn 30->20
negative_sabotaged,the-ninth-house,5,GET /works/{slug}/graph,graph_edge,e989,31,edge OwnsItem 30->46
negative_sabotaged,the-ninth-house,5,GET /works/{slug}/graph,graph_edge,e302,7,edge RelatedTo 31->57
negative_sabotaged,the-ninth-house,5,GET /works/{slug}/graph,graph_edge,e369,8,edge LocatedIn 31->20
negative_sabotaged,the-ninth-house,5,GET /works/{slug}/graph,graph_edge,e487,10,edge LeaderOf 31->15
negative_sabotaged,the-ninth-house,5,GET /works/{slug}/graph,graph_edge,e491,10,edge RelatedTo 31->48
negative_sabotaged,the-ninth-house,5,GET /works/{slug}/graph,graph_edge,e492,10,edge RelatedTo 31->45
negative_sabotaged,the-ninth-house,5,GET /works/{slug}/graph,graph_edge,e506,10,edge LocatedIn 31->49
negative_sabotaged,the-ninth-house,5,GET /works/{slug}/graph,graph_edge,e516,11,edge LocatedIn 31->44
negative_sabotaged,the-ninth-house,5,GET /works/{slug}/graph,graph_edge,e693,18,edge RelatedTo 31->60
negative_sabotaged,the-ninth-house,5,GET /works/{slug}/graph,graph_edge,e1243,38,edge OwnsItem 31->46
negative_sabotaged,the-ninth-house,5,GET /works/{slug}/graph,graph_edge,e1246,38,edge LocatedIn 31->43
negative_sabotaged,the-ninth-house,5,GET /works/{slug}/graph,graph_edge,e1254,38,edge LeaderOf 31->17
negative_sabotaged,the-ninth-house,5,GET /works/{slug}/graph,graph_edge,e1337,8,edge Rival 31->30
negative_sabotaged,the-ninth-house,5,GET /works/{slug}/graph,graph_edge,e366,8,edge LocatedIn 32->20
negative_sabotaged,the-ninth-house,5,GET /works/{slug}/graph,graph_edge,e652,17,edge RelatedTo 32->34
negative_sabotaged,the-ninth-house,5,GET /works/{slug}/graph,graph_edge,e659,17,edge RelatedTo 32->36
negative_sabotaged,the-ninth-house,5,GET /works/{slug}/graph,graph_edge,e800,22,edge MemberOf 32->15
negative_sabotaged,the-ninth-house,5,GET /works/{slug}/graph,graph_edge,e804,22,edge RelatedTo 32->33
negative_sabotaged,the-ninth-house,5,GET /works/{slug}/graph,graph_edge,e1302,40,edge RelatedTo 32->57
negative_sabotaged,the-ninth-house,5,GET /works/{slug}/graph,graph_edge,e1338,22,edge Protects 32->14
negative_sabotaged,the-ninth-house,5,GET /works/{slug}/graph,graph_edge,e311,8,edge MemberOf 33->15
negative_sabotaged,the-ninth-house,5,GET /works/{slug}/graph,graph_edge,e314,8,edge OwnsItem 33->46
negative_sabotaged,the-ninth-house,5,GET /works/{slug}/graph,graph_edge,e796,21,edge LocatedIn 33->43
negative_sabotaged,the-ninth-house,5,GET /works/{slug}/graph,graph_edge,e802,22,edge OwnsItem 33->38
negative_sabotaged,the-ninth-house,5,GET /works/{slug}/graph,graph_edge,e654,17,edge LeaderOf 34->17
negative_sabotaged,the-ninth-house,5,GET /works/{slug}/graph,graph_edge,e671,17,edge RelatedTo 34->57
negative_sabotaged,the-ninth-house,5,GET /works/{slug}/graph,graph_edge,e676,17,edge LocatedIn 34->43
negative_sabotaged,the-ninth-house,5,GET /works/{slug}/graph,graph_edge,e663,17,edge MemberOf 36->17
negative_sabotaged,the-ninth-house,5,GET /works/{slug}/graph,graph_edge,e1301,40,edge RelatedTo 36->57
negative_sabotaged,the-ninth-house,5,GET /works/{slug}/graph,graph_edge,e1317,40,edge RelatedTo 37->60
negative_sabotaged,the-ninth-house,5,GET /works/{slug}/graph,graph_edge,e1023,32,edge RelatedTo 43->46
negative_sabotaged,the-ninth-house,5,GET /works/{slug}/graph,graph_edge,e411,9,edge LocatedIn 45->43
negative_sabotaged,the-ninth-house,5,GET /works/{slug}/graph,graph_edge,e504,10,edge LocatedIn 45->49
negative_sabotaged,the-ninth-house,5,GET /works/{slug}/graph,graph_edge,e421,9,edge LocatedIn 48->43
negative_sabotaged,the-ninth-house,5,GET /works/{slug}/graph,graph_edge,e482,10,edge MemberOf 48->15
negative_sabotaged,the-ninth-house,5,GET /works/{slug}/graph,graph_edge,e502,10,edge LocatedIn 48->49
negative_sabotaged,the-ninth-house,5,GET /works/{slug}/graph,graph_edge,e667,17,edge LeaderOf 57->17
negative_sabotaged,the-ninth-house,5,GET /works/{slug}/graph,graph_edge,e677,17,edge LocatedIn 57->43
negative_sabotaged,the-ninth-house,5,GET /works/{slug}/graph,graph_edge,e700,18,edge RelatedTo 57->60
negative_sabotaged,the-ninth-house,5,GET /works/{slug}/graph,graph_edge,e743,18,edge LocatedIn 57->50
negative_sabotaged,the-ninth-house,5,GET /works/{slug}/graph,graph_edge,e878,26,edge LocatedIn 57->49
negative_sabotaged,the-ninth-house,5,GET /works/{slug}/graph,graph_edge,e883,26,edge MemberOf 57->61
negative_sabotaged,the-ninth-house,5,GET /works/{slug}/graph,graph_edge,e1031,33,edge LocatedIn 57->44
negative_sabotaged,the-ninth-house,5,GET /works/{slug}/graph,graph_edge,e1238,38,edge OwnsItem 57->46
negative_sabotaged,the-ninth-house,5,GET /works/{slug}/graph,graph_edge,e737,18,edge LocatedIn 60->50
negative_sabotaged,the-ninth-house,5,GET /works/{slug}/graph,graph_edge,e770,19,edge LocatedIn 60->16
negative_sabotaged,the-ninth-house,5,GET /works/{slug}/graph,graph_edge,e945,29,edge LocatedIn 60->20
negative_sabotaged,the-ninth-house,5,GET /works/{slug}/graph,graph_edge,e1024,32,edge OwnsItem 60->46
negative_sabotaged,the-ninth-house,5,GET /works/{slug}/graph,graph_edge,e1027,32,edge LeaderOf 60->15
negative_sabotaged,the-ninth-house,5,GET /works/{slug}/graph,graph_edge,e1340,15,edge Mentor 60->14
negative_sabotaged,the-ninth-house,5,GET /works/{slug}/graph,graph_edge,e211,6,edge LocatedIn 61->44
negative_sabotaged,the-ninth-house,5,GET /works/{slug}/graph,graph_edge,e213,6,edge LocatedIn 61->43
negative_sabotaged,the-ninth-house,5,GET /works/{slug}/graph,graph_edge,e771,19,edge LocatedIn 61->16
negative_sabotaged,the-ninth-house,5,GET /works/{slug}/graph,graph_edge,e881,26,edge LocatedIn 61->49
negative_sabotaged,the-ninth-house,5,GET /works/{slug}/entity/{id},detail_edge,319,8,edge LeaderOf on entity 14
negative_sabotaged,the-ninth-house,5,GET /works/{slug}/entity/{id},detail_edge,330,8,edge OwnsItem on entity 14
negative_sabotaged,the-ninth-house,5,GET /works/{slug}/entity/{id},detail_edge,331,8,edge HasTitle on entity 14
negative_sabotaged,the-ninth-house,5,GET /works/{slug}/entity/{id},detail_edge,332,8,edge RelatedTo on entity 14
negative_sabotaged,the-ninth-house,5,GET /works/{slug}/entity/{id},detail_edge,347,8,edge LocatedIn on entity 14
negative_sabotaged,the-ninth-house,5,GET /works/{slug}/entity/{id},detail_edge,348,8,edge ParticipatedIn on entity 14
negative_sabotaged,the-ninth-house,5,GET /works/{slug}/entity/{id},detail_edge,349,8,edge RelatedTo on entity 14
negative_sabotaged,the-ninth-house,5,GET /works/{slug}/entity/{id},detail_edge,350,8,edge LocatedIn on entity 14
negative_sabotaged,the-ninth-house,5,GET /works/{slug}/entity/{id},detail_edge,475,10,edge RelatedTo on entity 14
negative_sabotaged,the-ninth-house,5,GET /works/{slug}/entity/{id},detail_edge,480,10,edge RelatedTo on entity 14
negative_sabotaged,the-ninth-house,5,GET /works/{slug}/entity/{id},detail_edge,498,10,edge RelatedTo on entity 14
negative_sabotaged,the-ninth-house,5,GET /works/{slug}/entity/{id},detail_edge,505,10,edge RelatedTo on entity 14
negative_sabotaged,the-ninth-house,5,GET /works/{slug}/entity/{id},detail_edge,511,10,edge OwnsItem on entity 14
negative_sabotaged,the-ninth-house,5,GET /works/{slug}/entity/{id},detail_edge,555,12,edge OwnsItem on entity 14
negative_sabotaged,the-ninth-house,5,GET /works/{slug}/entity/{id},detail_edge,556,12,edge LeaderOf on entity 14
negative_sabotaged,the-ninth-house,5,GET /works/{slug}/entity/{id},detail_edge,557,12,edge LocatedIn on entity 14
negative_sabotaged,the-ninth-house,5,GET /works/{slug}/entity/{id},detail_edge,562,12,edge ParticipatedIn on entity 14
negative_sabotaged,the-ninth-house,5,GET /works/{slug}/entity/{id},detail_edge,563,12,edge RelatedTo on entity 14
negative_sabotaged,the-ninth-house,5,GET /works/{slug}/entity/{id},detail_edge,567,12,edge OwnsItem on entity 14
negative_sabotaged,the-ninth-house,5,GET /works/{slug}/entity/{id},detail_edge,568,12,edge LocatedIn on entity 14
negative_sabotaged,the-ninth-house,5,GET /works/{slug}/entity/{id},detail_edge,627,15,edge LocatedIn on entity 14
negative_sabotaged,the-ninth-house,5,GET /works/{slug}/entity/{id},detail_edge,629,15,edge RelatedTo on entity 14
negative_sabotaged,the-ninth-house,5,GET /works/{slug}/entity/{id},detail_edge,631,16,edge LocatedIn on entity 14
negative_sabotaged,the-ninth-house,5,GET /works/{slug}/entity/{id},detail_edge,632,16,edge RelatedTo on entity 14
negative_sabotaged,the-ninth-house,5,GET /works/{slug}/entity/{id},detail_edge,636,16,edge HasTitle on entity 14
negative_sabotaged,the-ninth-house,5,GET /works/{slug}/entity/{id},detail_edge,639,16,edge RelatedTo on entity 14
negative_sabotaged,the-ninth-house,5,GET /works/{slug}/entity/{id},detail_edge,684,17,edge OwnsItem on entity 14
negative_sabotaged,the-ninth-house,5,GET /works/{slug}/entity/{id},detail_edge,687,17,edge RelatedTo on entity 14
negative_sabotaged,the-ninth-house,5,GET /works/{slug}/entity/{id},detail_edge,729,18,edge OwnsItem on entity 14
negative_sabotaged,the-ninth-house,5,GET /works/{slug}/entity/{id},detail_edge,734,18,edge LocatedIn on entity 14
negative_sabotaged,the-ninth-house,5,GET /works/{slug}/entity/{id},detail_edge,740,18,edge HasAbility on entity 14
negative_sabotaged,the-ninth-house,5,GET /works/{slug}/entity/{id},detail_edge,742,18,edge RelatedTo on entity 14
negative_sabotaged,the-ninth-house,5,GET /works/{slug}/entity/{id},detail_edge,758,19,edge LeaderOf on entity 14
negative_sabotaged,the-ninth-house,5,GET /works/{slug}/entity/{id},detail_edge,763,19,edge RelatedTo on entity 14
negative_sabotaged,the-ninth-house,5,GET /works/{slug}/entity/{id},detail_edge,764,19,edge OwnsItem on entity 14
negative_sabotaged,the-ninth-house,5,GET /works/{slug}/entity/{id},detail_edge,772,20,edge RelatedTo on entity 14
negative_sabotaged,the-ninth-house,5,GET /works/{slug}/entity/{id},detail_edge,773,20,edge LocatedIn on entity 14
negative_sabotaged,the-ninth-house,5,GET /works/{slug}/entity/{id},detail_edge,780,20,edge OwnsItem on entity 14
negative_sabotaged,the-ninth-house,5,GET /works/{slug}/entity/{id},detail_edge,782,21,edge RelatedTo on entity 14
negative_sabotaged,the-ninth-house,5,GET /works/{slug}/entity/{id},detail_edge,791,21,edge RelatedTo on entity 14
negative_sabotaged,the-ninth-house,5,GET /works/{slug}/entity/{id},detail_edge,792,21,edge RelatedTo on entity 14
negative_sabotaged,the-ninth-house,5,GET /works/{slug}/entity/{id},detail_edge,799,21,edge LeaderOf on entity 14
negative_sabotaged,the-ninth-house,5,GET /works/{slug}/entity/{id},detail_edge,808,22,edge LocatedIn on entity 14
negative_sabotaged,the-ninth-house,5,GET /works/{slug}/entity/{id},detail_edge,840,24,edge LocatedIn on entity 14
negative_sabotaged,the-ninth-house,5,GET /works/{slug}/entity/{id},detail_edge,841,24,edge LocatedIn on entity 14
negative_sabotaged,the-ninth-house,5,GET /works/{slug}/entity/{id},detail_edge,859,24,edge LocatedIn on entity 14
negative_sabotaged,the-ninth-house,5,GET /works/{slug}/entity/{id},detail_edge,862,24,edge OwnsItem on entity 14
negative_sabotaged,the-ninth-house,5,GET /works/{slug}/entity/{id},detail_edge,863,24,edge RelatedTo on entity 14
negative_sabotaged,the-ninth-house,5,GET /works/{slug}/entity/{id},detail_edge,875,26,edge RelatedTo on entity 14
negative_sabotaged,the-ninth-house,5,GET /works/{slug}/entity/{id},detail_edge,876,26,edge LocatedIn on entity 14
negative_sabotaged,the-ninth-house,5,GET /works/{slug}/entity/{id},detail_edge,978,31,edge ParticipatedIn on entity 14
negative_sabotaged,the-ninth-house,5,GET /works/{slug}/entity/{id},detail_edge,982,31,edge RelatedTo on entity 14
negative_sabotaged,the-ninth-house,5,GET /works/{slug}/entity/{id},detail_edge,983,31,edge LocatedIn on entity 14
negative_sabotaged,the-ninth-house,5,GET /works/{slug}/entity/{id},detail_edge,1001,31,edge RelatedTo on entity 14
negative_sabotaged,the-ninth-house,5,GET /works/{slug}/entity/{id},detail_edge,1004,31,edge RelatedTo on entity 14
negative_sabotaged,the-ninth-house,5,GET /works/{slug}/entity/{id},detail_edge,1006,31,edge RelatedTo on entity 14
negative_sabotaged,the-ninth-house,5,GET /works/{slug}/entity/{id},detail_edge,1015,32,edge LocatedIn on entity 14
negative_sabotaged,the-ninth-house,5,GET /works/{slug}/entity/{id},detail_edge,1018,32,edge OwnsItem on entity 14
negative_sabotaged,the-ninth-house,5,GET /works/{slug}/entity/{id},detail_edge,1080,34,edge RelatedTo on entity 14
negative_sabotaged,the-ninth-house,5,GET /works/{slug}/entity/{id},detail_edge,1136,35,edge LocatedIn on entity 14
negative_sabotaged,the-ninth-house,5,GET /works/{slug}/entity/{id},detail_edge,1141,35,edge ParticipatedIn on entity 14
negative_sabotaged,the-ninth-house,5,GET /works/{slug}/entity/{id},detail_edge,1155,35,edge RelatedTo on entity 14
negative_sabotaged,the-ninth-house,5,GET /works/{slug}/entity/{id},detail_edge,1159,35,edge MemberOf on entity 14
negative_sabotaged,the-ninth-house,5,GET /works/{slug}/entity/{id},detail_edge,1163,35,edge LocatedIn on entity 14
negative_sabotaged,the-ninth-house,5,GET /works/{slug}/entity/{id},detail_edge,1164,35,edge OwnsItem on entity 14
negative_sabotaged,the-ninth-house,5,GET /works/{slug}/entity/{id},detail_edge,1165,35,edge RelatedTo on entity 14
negative_sabotaged,the-ninth-house,5,GET /works/{slug}/entity/{id},detail_edge,1166,35,edge RelatedTo on entity 14
negative_sabotaged,the-ninth-house,5,GET /works/{slug}/entity/{id},detail_edge,1224,37,edge ParticipatedIn on entity 14
negative_sabotaged,the-ninth-house,5,GET /works/{slug}/entity/{id},detail_edge,1228,37,edge LocatedIn on entity 14
negative_sabotaged,the-ninth-house,5,GET /works/{slug}/entity/{id},detail_edge,1231,37,edge RelatedTo on entity 14
negative_sabotaged,the-ninth-house,5,GET /works/{slug}/entity/{id},detail_edge,1280,39,edge LocatedIn on entity 14
negative_sabotaged,the-ninth-house,5,GET /works/{slug}/entity/{id},detail_edge,1288,39,edge RelatedTo on entity 14
negative_sabotaged,the-ninth-house,5,GET /works/{slug}/entity/{id},detail_edge,1305,40,edge RelatedTo on entity 14
negative_sabotaged,the-ninth-house,5,GET /works/{slug}/entity/{id},detail_edge,1308,40,edge MemberOf on entity 14
negative_sabotaged,the-ninth-house,5,GET /works/{slug}/entity/{id},detail_edge,1309,40,edge LocatedIn on entity 14
negative_sabotaged,the-ninth-house,5,GET /works/{slug}/entity/{id},detail_edge,1325,20,edge SECRET_IDENTITY on entity 14
negative_sabotaged,the-ninth-house,5,GET /works/{slug}/entity/{id},detail_edge,1327,34,edge REINCARNATION on entity 14
negative_sabotaged,the-ninth-house,5,GET /works/{slug}/entity/{id},detail_edge,1338,22,edge Protects on entity 14
negative_sabotaged,the-ninth-house,5,GET /works/{slug}/entity/{id},detail_edge,1340,15,edge Mentor on entity 14
negative_sabotaged,the-ninth-house,5,GET /works/{slug}/entity/{id},detail_edge,311,8,edge MemberOf on entity 15
negative_sabotaged,the-ninth-house,5,GET /works/{slug}/entity/{id},detail_edge,316,8,edge RelatedTo on entity 15
negative_sabotaged,the-ninth-house,5,GET /works/{slug}/entity/{id},detail_edge,317,8,edge AffiliatedWith on entity 15
negative_sabotaged,the-ninth-house,5,GET /works/{slug}/entity/{id},detail_edge,476,10,edge RelatedTo on entity 15
negative_sabotaged,the-ninth-house,5,GET /works/{slug}/entity/{id},detail_edge,481,10,edge LocatedIn on entity 15
negative_sabotaged,the-ninth-house,5,GET /works/{slug}/entity/{id},detail_edge,482,10,edge MemberOf on entity 15
negative_sabotaged,the-ninth-house,5,GET /works/{slug}/entity/{id},detail_edge,483,10,edge RelatedTo on entity 15
negative_sabotaged,the-ninth-house,5,GET /works/{slug}/entity/{id},detail_edge,487,10,edge LeaderOf on entity 15
negative_sabotaged,the-ninth-house,5,GET /works/{slug}/entity/{id},detail_edge,488,10,edge LeaderOf on entity 15
negative_sabotaged,the-ninth-house,5,GET /works/{slug}/entity/{id},detail_edge,489,10,edge LeaderOf on entity 15
negative_sabotaged,the-ninth-house,5,GET /works/{slug}/entity/{id},detail_edge,520,11,edge LocatedIn on entity 15
negative_sabotaged,the-ninth-house,5,GET /works/{slug}/entity/{id},detail_edge,524,11,edge RelatedTo on entity 15
negative_sabotaged,the-ninth-house,5,GET /works/{slug}/entity/{id},detail_edge,527,11,edge RelatedTo on entity 15
negative_sabotaged,the-ninth-house,5,GET /works/{slug}/entity/{id},detail_edge,530,11,edge MemberOf on entity 15
negative_sabotaged,the-ninth-house,5,GET /works/{slug}/entity/{id},detail_edge,534,11,edge LocatedIn on entity 15
negative_sabotaged,the-ninth-house,5,GET /works/{slug}/entity/{id},detail_edge,535,11,edge MemberOf on entity 15
negative_sabotaged,the-ninth-house,5,GET /works/{slug}/entity/{id},detail_edge,536,11,edge MemberOf on entity 15
negative_sabotaged,the-ninth-house,5,GET /works/{slug}/entity/{id},detail_edge,565,12,edge LeaderOf on entity 15
negative_sabotaged,the-ninth-house,5,GET /works/{slug}/entity/{id},detail_edge,569,12,edge RelatedTo on entity 15
negative_sabotaged,the-ninth-house,5,GET /works/{slug}/entity/{id},detail_edge,571,12,edge LocatedIn on entity 15
negative_sabotaged,the-ninth-house,5,GET /works/{slug}/entity/{id},detail_edge,682,17,edge LocatedIn on entity 15
negative_sabotaged,the-ninth-house,5,GET /works/{slug}/entity/{id},detail_edge,683,17,edge RelatedTo on entity 15
negative_sabotaged,the-ninth-house,5,GET /works/{slug}/entity/{id},detail_edge,686,17,edge LeaderOf on entity 15
negative_sabotaged,the-ninth-house,5,GET /works/{slug}/entity/{id},detail_edge,793,21,edge LeaderOf on entity 15
negative_sabotaged,the-ninth-house,5,GET /works/{slug}/entity/{id},detail_edge,800,22,edge MemberOf on entity 15
negative_sabotaged,the-ninth-house,5,GET /works/{slug}/entity/{id},detail_edge,801,22,edge RelatedTo on entity 15
negative_sabotaged,the-ninth-house,5,GET /works/{slug}/entity/{id},detail_edge,976,31,edge RelatedTo on entity 15
negative_sabotaged,the-ninth-house,5,GET /works/{slug}/entity/{id},detail_edge,977,31,edge LeaderOf on entity 15
negative_sabotaged,the-ninth-house,5,GET /works/{slug}/entity/{id},detail_edge,1011,32,edge LeaderOf on entity 15
negative_sabotaged,the-ninth-house,5,GET /works/{slug}/entity/{id},detail_edge,1013,32,edge LocatedIn on entity 15
negative_sabotaged,the-ninth-house,5,GET /works/{slug}/entity/{id},detail_edge,1014,32,edge RelatedTo on entity 15
negative_sabotaged,the-ninth-house,5,GET /works/{slug}/entity/{id},detail_edge,1027,32,edge LeaderOf on entity 15
negative_sabotaged,the-ninth-house,5,GET /works/{slug}/entity/{id},detail_edge,1029,32,edge MemberOf on entity 15
negative_sabotaged,the-ninth-house,5,GET /works/{slug}/entity/{id},detail_edge,1148,35,edge MemberOf on entity 15
negative_sabotaged,the-ninth-house,5,GET /works/{slug}/entity/{id},detail_edge,1153,35,edge LocatedIn on entity 15
negative_sabotaged,the-ninth-house,5,GET /works/{slug}/entity/{id},detail_edge,1158,35,edge MemberOf on entity 15
negative_sabotaged,the-ninth-house,5,GET /works/{slug}/entity/{id},detail_edge,1162,35,edge AffiliatedWith on entity 15
negative_sabotaged,the-ninth-house,5,GET /works/{slug}/entity/{id},detail_edge,1168,35,edge LocatedIn on entity 15
negative_sabotaged,the-ninth-house,5,GET /works/{slug}/entity/{id},detail_edge,1171,35,edge RelatedTo on entity 15
negative_sabotaged,the-ninth-house,5,GET /works/{slug}/entity/{id},detail_edge,1174,35,edge MemberOf on entity 15
negative_sabotaged,the-ninth-house,5,GET /works/{slug}/entity/{id},detail_edge,1175,35,edge MemberOf on entity 15
negative_sabotaged,the-ninth-house,5,GET /works/{slug}/entity/{id},detail_edge,643,16,edge LocatedIn on entity 16
negative_sabotaged,the-ninth-house,5,GET /works/{slug}/entity/{id},detail_edge,644,16,edge RelatedTo on entity 16
negative_sabotaged,the-ninth-house,5,GET /works/{slug}/entity/{id},detail_edge,767,19,edge LocatedIn on entity 16
negative_sabotaged,the-ninth-house,5,GET /works/{slug}/entity/{id},detail_edge,769,19,edge RelatedTo on entity 16
negative_sabotaged,the-ninth-house,5,GET /works/{slug}/entity/{id},detail_edge,770,19,edge LocatedIn on entity 16
negative_sabotaged,the-ninth-house,5,GET /works/{slug}/entity/{id},detail_edge,771,19,edge LocatedIn on entity 16
negative_sabotaged,the-ninth-house,5,GET /works/{slug}/entity/{id},detail_edge,774,20,edge LocatedIn on entity 16
negative_sabotaged,the-ninth-house,5,GET /works/{slug}/entity/{id},detail_edge,776,20,edge RelatedTo on entity 16
negative_sabotaged,the-ninth-house,5,GET /works/{slug}/entity/{id},detail_edge,783,21,edge RelatedTo on entity 16
negative_sabotaged,the-ninth-house,5,GET /works/{slug}/entity/{id},detail_edge,784,21,edge RelatedTo on entity 16
negative_sabotaged,the-ninth-house,5,GET /works/{slug}/entity/{id},detail_edge,850,24,edge ParticipatedIn on entity 16
negative_sabotaged,the-ninth-house,5,GET /works/{slug}/entity/{id},detail_edge,851,24,edge ParticipatedIn on entity 16
negative_sabotaged,the-ninth-house,5,GET /works/{slug}/entity/{id},detail_edge,852,24,edge RelatedTo on entity 16
negative_sabotaged,the-ninth-house,5,GET /works/{slug}/entity/{id},detail_edge,853,24,edge RelatedTo on entity 16
negative_sabotaged,the-ninth-house,5,GET /works/{slug}/entity/{id},detail_edge,865,25,edge RelatedTo on entity 16
negative_sabotaged,the-ninth-house,5,GET /works/{slug}/entity/{id},detail_edge,1286,39,edge LocatedIn on entity 16
negative_sabotaged,the-ninth-house,5,GET /works/{slug}/entity/{id},detail_edge,1289,39,edge LocatedIn on entity 16
negative_sabotaged,the-ninth-house,5,GET /works/{slug}/entity/{id},detail_edge,1290,39,edge LocatedIn on entity 16
negative_sabotaged,the-ninth-house,5,GET /works/{slug}/entity/{id},detail_edge,232,6,edge LocatedIn on entity 17
negative_sabotaged,the-ninth-house,5,GET /works/{slug}/entity/{id},detail_edge,236,6,edge LeaderOf on entity 17
negative_sabotaged,the-ninth-house,5,GET /works/{slug}/entity/{id},detail_edge,243,6,edge AffiliatedWith on entity 17
negative_sabotaged,the-ninth-house,5,GET /works/{slug}/entity/{id},detail_edge,247,6,edge RelatedTo on entity 17
negative_sabotaged,the-ninth-house,5,GET /works/{slug}/entity/{id},detail_edge,248,6,edge LocatedIn on entity 17
negative_sabotaged,the-ninth-house,5,GET /works/{slug}/entity/{id},detail_edge,310,7,edge RelatedTo on entity 17
negative_sabotaged,the-ninth-house,5,GET /works/{slug}/entity/{id},detail_edge,654,17,edge LeaderOf on entity 17
negative_sabotaged,the-ninth-house,5,GET /works/{slug}/entity/{id},detail_edge,657,17,edge MemberOf on entity 17
negative_sabotaged,the-ninth-house,5,GET /works/{slug}/entity/{id},detail_edge,663,17,edge MemberOf on entity 17
negative_sabotaged,the-ninth-house,5,GET /works/{slug}/entity/{id},detail_edge,665,17,edge LocatedIn on entity 17
negative_sabotaged,the-ninth-house,5,GET /works/{slug}/entity/{id},detail_edge,667,17,edge LeaderOf on entity 17
negative_sabotaged,the-ninth-house,5,GET /works/{slug}/entity/{id},detail_edge,958,30,edge RelatedTo on entity 17
negative_sabotaged,the-ninth-house,5,GET /works/{slug}/entity/{id},detail_edge,961,30,edge LeaderOf on entity 17
negative_sabotaged,the-ninth-house,5,GET /works/{slug}/entity/{id},detail_edge,980,31,edge RelatedTo on entity 17
negative_sabotaged,the-ninth-house,5,GET /works/{slug}/entity/{id},detail_edge,986,31,edge RelatedTo on entity 17
negative_sabotaged,the-ninth-house,5,GET /works/{slug}/entity/{id},detail_edge,987,31,edge LocatedIn on entity 17
negative_sabotaged,the-ninth-house,5,GET /works/{slug}/entity/{id},detail_edge,1196,36,edge AffiliatedWith on entity 17
negative_sabotaged,the-ninth-house,5,GET /works/{slug}/entity/{id},detail_edge,1199,36,edge RelatedTo on entity 17
negative_sabotaged,the-ninth-house,5,GET /works/{slug}/entity/{id},detail_edge,1201,36,edge MemberOf on entity 17
negative_sabotaged,the-ninth-house,5,GET /works/{slug}/entity/{id},detail_edge,1204,36,edge LocatedIn on entity 17
negative_sabotaged,the-ninth-house,5,GET /works/{slug}/entity/{id},detail_edge,1208,36,edge RelatedTo on entity 17
negative_sabotaged,the-ninth-house,5,GET /works/{slug}/entity/{id},detail_edge,1209,36,edge RelatedTo on entity 17
negative_sabotaged,the-ninth-house,5,GET /works/{slug}/entity/{id},detail_edge,1249,38,edge LocatedIn on entity 17
negative_sabotaged,the-ninth-house,5,GET /works/{slug}/entity/{id},detail_edge,1254,38,edge LeaderOf on entity 17
negative_sabotaged,the-ninth-house,5,GET /works/{slug}/entity/{id},detail_edge,1258,38,edge LocatedIn on entity 17
negative_sabotaged,the-ninth-house,5,GET /works/{slug}/entity/{id},detail_edge,1259,38,edge LocatedIn on entity 17
negative_sabotaged,the-ninth-house,5,GET /works/{slug}/entity/{id},detail_edge,1282,39,edge LocatedIn on entity 17
negative_sabotaged,the-ninth-house,5,GET /works/{slug}/entity/{id},detail_edge,1284,39,edge RelatedTo on entity 17
negative_sabotaged,the-ninth-house,5,GET /works/{slug}/entity/{id},detail_edge,1285,39,edge LeaderOf on entity 17
negative_sabotaged,the-ninth-house,5,GET /works/{slug}/entity/{id},detail_edge,1286,39,edge LocatedIn on entity 17
negative_sabotaged,the-ninth-house,5,GET /works/{slug}/entity/{id},detail_edge,312,8,edge RelatedTo on entity 18
negative_sabotaged,the-ninth-house,5,GET /works/{slug}/entity/{id},detail_edge,318,8,edge LeaderOf on entity 18
negative_sabotaged,the-ninth-house,5,GET /works/{slug}/entity/{id},detail_edge,336,8,edge OwnsItem on entity 18
negative_sabotaged,the-ninth-house,5,GET /works/{slug}/entity/{id},detail_edge,340,8,edge HasTitle on entity 18
negative_sabotaged,the-ninth-house,5,GET /works/{slug}/entity/{id},detail_edge,342,8,edge RelatedTo on entity 18
negative_sabotaged,the-ninth-house,5,GET /works/{slug}/entity/{id},detail_edge,344,8,edge LocatedIn on entity 18
negative_sabotaged,the-ninth-house,5,GET /works/{slug}/entity/{id},detail_edge,345,8,edge RelatedTo on entity 18
negative_sabotaged,the-ninth-house,5,GET /works/{slug}/entity/{id},detail_edge,346,8,edge ParticipatedIn on entity 18
negative_sabotaged,the-ninth-house,5,GET /works/{slug}/entity/{id},detail_edge,561,12,edge ParticipatedIn on entity 18
negative_sabotaged,the-ninth-house,5,GET /works/{slug}/entity/{id},detail_edge,882,26,edge LocatedIn on entity 18
negative_sabotaged,the-ninth-house,5,GET /works/{slug}/entity/{id},detail_edge,884,26,edge RelatedTo on entity 18
negative_sabotaged,the-ninth-house,5,GET /works/{slug}/entity/{id},detail_edge,885,26,edge MemberOf on entity 18
negative_sabotaged,the-ninth-house,5,GET /works/{slug}/entity/{id},detail_edge,886,26,edge RelatedTo on entity 18
negative_sabotaged,the-ninth-house,5,GET /works/{slug}/entity/{id},detail_edge,313,8,edge RelatedTo on entity 19
negative_sabotaged,the-ninth-house,5,GET /works/{slug}/entity/{id},detail_edge,320,8,edge OwnsItem on entity 19
negative_sabotaged,the-ninth-house,5,GET /works/{slug}/entity/{id},detail_edge,321,8,edge LeaderOf on entity 19
negative_sabotaged,the-ninth-house,5,GET /works/{slug}/entity/{id},detail_edge,322,8,edge OwnsItem on entity 19
negative_sabotaged,the-ninth-house,5,GET /works/{slug}/entity/{id},detail_edge,323,8,edge HasTitle on entity 19
negative_sabotaged,the-ninth-house,5,GET /works/{slug}/entity/{id},detail_edge,795,21,edge RelatedTo on entity 19
negative_sabotaged,the-ninth-house,5,GET /works/{slug}/entity/{id},detail_edge,797,21,edge LocatedIn on entity 19
negative_sabotaged,the-ninth-house,5,GET /works/{slug}/entity/{id},detail_edge,798,21,edge LeaderOf on entity 19
negative_sabotaged,the-ninth-house,5,GET /works/{slug}/entity/{id},detail_edge,803,22,edge OwnsItem on entity 19
negative_sabotaged,the-ninth-house,5,GET /works/{slug}/entity/{id},detail_edge,805,22,edge RelatedTo on entity 19
negative_sabotaged,the-ninth-house,5,GET /works/{slug}/entity/{id},detail_edge,806,22,edge LocatedIn on entity 19
negative_sabotaged,the-ninth-house,5,GET /works/{slug}/entity/{id},detail_edge,995,31,edge LocatedIn on entity 19
negative_sabotaged,the-ninth-house,5,GET /works/{slug}/entity/{id},detail_edge,998,31,edge RelatedTo on entity 19
negative_sabotaged,the-ninth-house,5,GET /works/{slug}/entity/{id},detail_edge,1000,31,edge RelatedTo on entity 19
negative_sabotaged,the-ninth-house,5,GET /works/{slug}/entity/{id},detail_edge,1002,31,edge RelatedTo on entity 19
negative_sabotaged,the-ninth-house,5,GET /works/{slug}/entity/{id},detail_edge,1005,31,edge RelatedTo on entity 19
negative_sabotaged,the-ninth-house,5,GET /works/{slug}/entity/{id},detail_edge,360,8,edge ParticipatedIn on entity 20
negative_sabotaged,the-ninth-house,5,GET /works/{slug}/entity/{id},detail_edge,364,8,edge LocatedIn on entity 20
negative_sabotaged,the-ninth-house,5,GET /works/{slug}/entity/{id},detail_edge,366,8,edge LocatedIn on entity 20
negative_sabotaged,the-ninth-house,5,GET /works/{slug}/entity/{id},detail_edge,367,8,edge RelatedTo on entity 20
negative_sabotaged,the-ninth-house,5,GET /works/{slug}/entity/{id},detail_edge,368,8,edge LocatedIn on entity 20
negative_sabotaged,the-ninth-house,5,GET /works/{slug}/entity/{id},detail_edge,369,8,edge LocatedIn on entity 20
negative_sabotaged,the-ninth-house,5,GET /works/{slug}/entity/{id},detail_edge,943,29,edge LocatedIn on entity 20
negative_sabotaged,the-ninth-house,5,GET /works/{slug}/entity/{id},detail_edge,945,29,edge LocatedIn on entity 20
negative_sabotaged,the-ninth-house,5,GET /works/{slug}/entity/{id},detail_edge,1179,36,edge LocatedIn on entity 20
negative_sabotaged,the-ninth-house,5,GET /works/{slug}/entity/{id},detail_edge,1183,36,edge LocatedIn on entity 20
negative_sabotaged,the-ninth-house,5,GET /works/{slug}/entity/{id},detail_edge,1184,36,edge LocatedIn on entity 20
negative_sabotaged,the-ninth-house,5,GET /works/{slug}/entity/{id},detail_edge,1185,36,edge ParticipatedIn on entity 20
negative_sabotaged,the-ninth-house,5,GET /works/{slug}/entity/{id},detail_edge,1232,37,edge LocatedIn on entity 20
negative_sabotaged,the-ninth-house,5,GET /works/{slug}/entity/{id},detail_edge,1234,37,edge RelatedTo on entity 20
negative_sabotaged,the-ninth-house,5,GET /works/{slug}/entity/{id},detail_edge,1236,37,edge LocatedIn on entity 20
negative_sabotaged,the-ninth-house,5,GET /works/{slug}/entity/{id},detail_edge,226,6,edge RelatedTo on entity 30
negative_sabotaged,the-ninth-house,5,GET /works/{slug}/entity/{id},detail_edge,227,6,edge RelatedTo on entity 30
negative_sabotaged,the-ninth-house,5,GET /works/{slug}/entity/{id},detail_edge,230,6,edge LocatedIn on entity 30
negative_sabotaged,the-ninth-house,5,GET /works/{slug}/entity/{id},detail_edge,234,6,edge RelatedTo on entity 30
negative_sabotaged,the-ninth-house,5,GET /works/{slug}/entity/{id},detail_edge,239,6,edge MemberOf on entity 30
negative_sabotaged,the-ninth-house,5,GET /works/{slug}/entity/{id},detail_edge,240,6,edge ParticipatedIn on entity 30
negative_sabotaged,the-ninth-house,5,GET /works/{slug}/entity/{id},detail_edge,241,6,edge LocatedIn on entity 30
negative_sabotaged,the-ninth-house,5,GET /works/{slug}/entity/{id},detail_edge,261,7,edge LeaderOf on entity 30
negative_sabotaged,the-ninth-house,5,GET /works/{slug}/entity/{id},detail_edge,268,7,edge RelatedTo on entity 30
negative_sabotaged,the-ninth-house,5,GET /works/{slug}/entity/{id},detail_edge,273,7,edge LocatedIn on entity 30
negative_sabotaged,the-ninth-house,5,GET /works/{slug}/entity/{id},detail_edge,278,7,edge LocatedIn on entity 30
negative_sabotaged,the-ninth-house,5,GET /works/{slug}/entity/{id},detail_edge,283,7,edge RelatedTo on entity 30
negative_sabotaged,the-ninth-house,5,GET /works/{slug}/entity/{id},detail_edge,290,7,edge RelatedTo on entity 30
negative_sabotaged,the-ninth-house,5,GET /works/{slug}/entity/{id},detail_edge,291,7,edge LocatedIn on entity 30
negative_sabotaged,the-ninth-house,5,GET /works/{slug}/entity/{id},detail_edge,292,7,edge LocatedIn on entity 30
negative_sabotaged,the-ninth-house,5,GET /works/{slug}/entity/{id},detail_edge,293,7,edge RelatedTo on entity 30
negative_sabotaged,the-ninth-house,5,GET /works/{slug}/entity/{id},detail_edge,294,7,edge RelatedTo on entity 30
negative_sabotaged,the-ninth-house,5,GET /works/{slug}/entity/{id},detail_edge,359,8,edge ParticipatedIn on entity 30
negative_sabotaged,the-ninth-house,5,GET /works/{slug}/entity/{id},detail_edge,363,8,edge RelatedTo on entity 30
negative_sabotaged,the-ninth-house,5,GET /works/{slug}/entity/{id},detail_edge,368,8,edge LocatedIn on entity 30
negative_sabotaged,the-ninth-house,5,GET /works/{slug}/entity/{id},detail_edge,893,27,edge LocatedIn on entity 30
negative_sabotaged,the-ninth-house,5,GET /works/{slug}/entity/{id},detail_edge,894,27,edge RelatedTo on entity 30
negative_sabotaged,the-ninth-house,5,GET /works/{slug}/entity/{id},detail_edge,897,27,edge RelatedTo on entity 30
negative_sabotaged,the-ninth-house,5,GET /works/{slug}/entity/{id},detail_edge,905,28,edge LocatedIn on entity 30
negative_sabotaged,the-ninth-house,5,GET /works/{slug}/entity/{id},detail_edge,906,28,edge OwnsItem on entity 30
negative_sabotaged,the-ninth-house,5,GET /works/{slug}/entity/{id},detail_edge,938,28,edge RelatedTo on entity 30
negative_sabotaged,the-ninth-house,5,GET /works/{slug}/entity/{id},detail_edge,940,28,edge OwnsItem on entity 30
negative_sabotaged,the-ninth-house,5,GET /works/{slug}/entity/{id},detail_edge,957,30,edge ParticipatedIn on entity 30
negative_sabotaged,the-ninth-house,5,GET /works/{slug}/entity/{id},detail_edge,971,30,edge RelatedTo on entity 30
negative_sabotaged,the-ninth-house,5,GET /works/{slug}/entity/{id},detail_edge,989,31,edge OwnsItem on entity 30
negative_sabotaged,the-ninth-house,5,GET /works/{slug}/entity/{id},detail_edge,992,31,edge LocatedIn on entity 30
negative_sabotaged,the-ninth-house,5,GET /works/{slug}/entity/{id},detail_edge,997,31,edge RelatedTo on entity 30
negative_sabotaged,the-ninth-house,5,GET /works/{slug}/entity/{id},detail_edge,998,31,edge RelatedTo on entity 30
negative_sabotaged,the-ninth-house,5,GET /works/{slug}/entity/{id},detail_edge,1007,31,edge LocatedIn on entity 30
negative_sabotaged,the-ninth-house,5,GET /works/{slug}/entity/{id},detail_edge,1092,35,edge LocatedIn on entity 30
negative_sabotaged,the-ninth-house,5,GET /works/{slug}/entity/{id},detail_edge,1095,35,edge LeaderOf on entity 30
negative_sabotaged,the-ninth-house,5,GET /works/{slug}/entity/{id},detail_edge,1101,35,edge RelatedTo on entity 30
negative_sabotaged,the-ninth-house,5,GET /works/{slug}/entity/{id},detail_edge,1102,35,edge ParticipatedIn on entity 30
negative_sabotaged,the-ninth-house,5,GET /works/{slug}/entity/{id},detail_edge,1103,35,edge RelatedTo on entity 30
negative_sabotaged,the-ninth-house,5,GET /works/{slug}/entity/{id},detail_edge,1104,35,edge RelatedTo on entity 30
negative_sabotaged,the-ninth-house,5,GET /works/{slug}/entity/{id},detail_edge,1120,35,edge LocatedIn on entity 30
negative_sabotaged,the-ninth-house,5,GET /works/{slug}/entity/{id},detail_edge,1121,35,edge ParticipatedIn on entity 30
negative_sabotaged,the-ninth-house,5,GET /works/{slug}/entity/{id},detail_edge,1177,36,edge ParticipatedIn on entity 30
negative_sabotaged,the-ninth-house,5,GET /works/{slug}/entity/{id},detail_edge,1182,36,edge MemberOf on entity 30
negative_sabotaged,the-ninth-house,5,GET /works/{slug}/entity/{id},detail_edge,1212,36,edge ParticipatedIn on entity 30
negative_sabotaged,the-ninth-house,5,GET /works/{slug}/entity/{id},detail_edge,1214,36,edge HasAbility on entity 30
negative_sabotaged,the-ninth-house,5,GET /works/{slug}/entity/{id},detail_edge,1218,36,edge RelatedTo on entity 30
negative_sabotaged,the-ninth-house,5,GET /works/{slug}/entity/{id},detail_edge,1220,36,edge HasTitle on entity 30
negative_sabotaged,the-ninth-house,5,GET /works/{slug}/entity/{id},detail_edge,1262,38,edge LocatedIn on entity 30
negative_sabotaged,the-ninth-house,5,GET /works/{slug}/entity/{id},detail_edge,1265,38,edge RelatedTo on entity 30
negative_sabotaged,the-ninth-house,5,GET /works/{slug}/entity/{id},detail_edge,1267,38,edge RelatedTo on entity 30
negative_sabotaged,the-ninth-house,5,GET /works/{slug}/entity/{id},detail_edge,1326,28,edge REINCARNATION on entity 30
negative_sabotaged,the-ninth-house,5,GET /works/{slug}/entity/{id},detail_edge,1335,6,edge Serves on entity 30
negative_sabotaged,the-ninth-house,5,GET /works/{slug}/entity/{id},detail_edge,1337,8,edge Rival on entity 30
negative_sabotaged,the-ninth-house,5,GET /works/{slug}/entity/{id},detail_edge,270,7,edge RelatedTo on entity 31
negative_sabotaged,the-ninth-house,5,GET /works/{slug}/entity/{id},detail_edge,275,7,edge LocatedIn on entity 31
negative_sabotaged,the-ninth-house,5,GET /works/{slug}/entity/{id},detail_edge,280,7,edge LocatedIn on entity 31
negative_sabotaged,the-ninth-house,5,GET /works/{slug}/entity/{id},detail_edge,285,7,edge RelatedTo on entity 31
negative_sabotaged,the-ninth-house,5,GET /works/{slug}/entity/{id},detail_edge,295,7,edge RelatedTo on entity 31
negative_sabotaged,the-ninth-house,5,GET /works/{slug}/entity/{id},detail_edge,300,7,edge LocatedIn on entity 31
negative_sabotaged,the-ninth-house,5,GET /works/{slug}/entity/{id},detail_edge,301,7,edge LocatedIn on entity 31
negative_sabotaged,the-ninth-house,5,GET /works/{slug}/entity/{id},detail_edge,302,7,edge RelatedTo on entity 31
negative_sabotaged,the-ninth-house,5,GET /works/{slug}/entity/{id},detail_edge,303,7,edge RelatedTo on entity 31
negative_sabotaged,the-ninth-house,5,GET /works/{slug}/entity/{id},detail_edge,345,8,edge RelatedTo on entity 31
negative_sabotaged,the-ninth-house,5,GET /works/{slug}/entity/{id},detail_edge,354,8,edge ParticipatedIn on entity 31
negative_sabotaged,the-ninth-house,5,GET /works/{slug}/entity/{id},detail_edge,355,8,edge RelatedTo on entity 31
negative_sabotaged,the-ninth-house,5,GET /works/{slug}/entity/{id},detail_edge,369,8,edge LocatedIn on entity 31
negative_sabotaged,the-ninth-house,5,GET /works/{slug}/entity/{id},detail_edge,486,10,edge RelatedTo on entity 31
negative_sabotaged,the-ninth-house,5,GET /works/{slug}/entity/{id},detail_edge,487,10,edge LeaderOf on entity 31
negative_sabotaged,the-ninth-house,5,GET /works/{slug}/entity/{id},detail_edge,490,10,edge RelatedTo on entity 31
negative_sabotaged,the-ninth-house,5,GET /works/{slug}/entity/{id},detail_edge,491,10,edge RelatedTo on entity 31
negative_sabotaged,the-ninth-house,5,GET /works/{slug}/entity/{id},detail_edge,492,10,edge RelatedTo on entity 31
negative_sabotaged,the-ninth-house,5,GET /works/{slug}/entity/{id},detail_edge,500,10,edge RelatedTo on entity 31
negative_sabotaged,the-ninth-house,5,GET /works/{slug}/entity/{id},detail_edge,506,10,edge LocatedIn on entity 31
negative_sabotaged,the-ninth-house,5,GET /works/{slug}/entity/{id},detail_edge,513,11,edge LocatedIn on entity 31
negative_sabotaged,the-ninth-house,5,GET /works/{slug}/entity/{id},detail_edge,514,11,edge RelatedTo on entity 31
negative_sabotaged,the-ninth-house,5,GET /works/{slug}/entity/{id},detail_edge,515,11,edge RelatedTo on entity 31
negative_sabotaged,the-ninth-house,5,GET /works/{slug}/entity/{id},detail_edge,516,11,edge LocatedIn on entity 31
negative_sabotaged,the-ninth-house,5,GET /works/{slug}/entity/{id},detail_edge,552,11,edge ParticipatedIn on entity 31
negative_sabotaged,the-ninth-house,5,GET /works/{slug}/entity/{id},detail_edge,553,11,edge RelatedTo on entity 31
negative_sabotaged,the-ninth-house,5,GET /works/{slug}/entity/{id},detail_edge,554,11,edge ParticipatedIn on entity 31
negative_sabotaged,the-ninth-house,5,GET /works/{slug}/entity/{id},detail_edge,645,17,edge LocatedIn on entity 31
negative_sabotaged,the-ninth-house,5,GET /works/{slug}/entity/{id},detail_edge,648,17,edge LocatedIn on entity 31
negative_sabotaged,the-ninth-house,5,GET /works/{slug}/entity/{id},detail_edge,688,18,edge LocatedIn on entity 31
negative_sabotaged,the-ninth-house,5,GET /works/{slug}/entity/{id},detail_edge,689,18,edge LocatedIn on entity 31
negative_sabotaged,the-ninth-house,5,GET /works/{slug}/entity/{id},detail_edge,690,18,edge RelatedTo on entity 31
negative_sabotaged,the-ninth-house,5,GET /works/{slug}/entity/{id},detail_edge,691,18,edge OwnsItem on entity 31
negative_sabotaged,the-ninth-house,5,GET /works/{slug}/entity/{id},detail_edge,692,18,edge LocatedIn on entity 31
negative_sabotaged,the-ninth-house,5,GET /works/{slug}/entity/{id},detail_edge,693,18,edge RelatedTo on entity 31
negative_sabotaged,the-ninth-house,5,GET /works/{slug}/entity/{id},detail_edge,694,18,edge HasAbility on entity 31
negative_sabotaged,the-ninth-house,5,GET /works/{slug}/entity/{id},detail_edge,1180,36,edge RelatedTo on entity 31
negative_sabotaged,the-ninth-house,5,GET /works/{slug}/entity/{id},detail_edge,1186,36,edge RelatedTo on entity 31
negative_sabotaged,the-ninth-house,5,GET /works/{slug}/entity/{id},detail_edge,1187,36,edge MemberOf on entity 31
negative_sabotaged,the-ninth-house,5,GET /works/{slug}/entity/{id},detail_edge,1188,36,edge ParticipatedIn on entity 31
negative_sabotaged,the-ninth-house,5,GET /works/{slug}/entity/{id},detail_edge,1189,36,edge RelatedTo on entity 31
negative_sabotaged,the-ninth-house,5,GET /works/{slug}/entity/{id},detail_edge,1242,38,edge RelatedTo on entity 31
negative_sabotaged,the-ninth-house,5,GET /works/{slug}/entity/{id},detail_edge,1243,38,edge OwnsItem on entity 31
negative_sabotaged,the-ninth-house,5,GET /works/{slug}/entity/{id},detail_edge,1246,38,edge LocatedIn on entity 31
negative_sabotaged,the-ninth-house,5,GET /works/{slug}/entity/{id},detail_edge,1250,38,edge RelatedTo on entity 31
negative_sabotaged,the-ninth-house,5,GET /works/{slug}/entity/{id},detail_edge,1253,38,edge LocatedIn on entity 31
negative_sabotaged,the-ninth-house,5,GET /works/{slug}/entity/{id},detail_edge,1254,38,edge LeaderOf on entity 31
negative_sabotaged,the-ninth-house,5,GET /works/{slug}/entity/{id},detail_edge,1264,38,edge RelatedTo on entity 31
negative_sabotaged,the-ninth-house,5,GET /works/{slug}/entity/{id},detail_edge,1271,38,edge RelatedTo on entity 31
negative_sabotaged,the-ninth-house,5,GET /works/{slug}/entity/{id},detail_edge,1272,38,edge RelatedTo on entity 31
negative_sabotaged,the-ninth-house,5,GET /works/{slug}/entity/{id},detail_edge,1273,38,edge RelatedTo on entity 31
negative_sabotaged,the-ninth-house,5,GET /works/{slug}/entity/{id},detail_edge,1297,40,edge LeaderOf on entity 31
negative_sabotaged,the-ninth-house,5,GET /works/{slug}/entity/{id},detail_edge,1330,11,edge Parent on entity 31
negative_sabotaged,the-ninth-house,5,GET /works/{slug}/entity/{id},detail_edge,1331,10,edge Parent on entity 31
negative_sabotaged,the-ninth-house,5,GET /works/{slug}/entity/{id},detail_edge,1337,8,edge Rival on entity 31
negative_sabotaged,the-ninth-house,5,GET /works/{slug}/entity/{id},detail_edge,353,8,edge LocatedIn on entity 32
negative_sabotaged,the-ninth-house,5,GET /works/{slug}/entity/{id},detail_edge,357,8,edge ParticipatedIn on entity 32
negative_sabotaged,the-ninth-house,5,GET /works/{slug}/entity/{id},detail_edge,361,8,edge RelatedTo on entity 32
negative_sabotaged,the-ninth-house,5,GET /works/{slug}/entity/{id},detail_edge,365,8,edge LocatedIn on entity 32
negative_sabotaged,the-ninth-house,5,GET /works/{slug}/entity/{id},detail_edge,366,8,edge LocatedIn on entity 32
negative_sabotaged,the-ninth-house,5,GET /works/{slug}/entity/{id},detail_edge,652,17,edge RelatedTo on entity 32
negative_sabotaged,the-ninth-house,5,GET /works/{slug}/entity/{id},detail_edge,659,17,edge RelatedTo on entity 32
negative_sabotaged,the-ninth-house,5,GET /works/{slug}/entity/{id},detail_edge,660,17,edge LocatedIn on entity 32
negative_sabotaged,the-ninth-house,5,GET /works/{slug}/entity/{id},detail_edge,661,17,edge LocatedIn on entity 32
negative_sabotaged,the-ninth-house,5,GET /works/{slug}/entity/{id},detail_edge,800,22,edge MemberOf on entity 32
negative_sabotaged,the-ninth-house,5,GET /works/{slug}/entity/{id},detail_edge,804,22,edge RelatedTo on entity 32
negative_sabotaged,the-ninth-house,5,GET /works/{slug}/entity/{id},detail_edge,805,22,edge RelatedTo on entity 32
negative_sabotaged,the-ninth-house,5,GET /works/{slug}/entity/{id},detail_edge,807,22,edge LocatedIn on entity 32
negative_sabotaged,the-ninth-house,5,GET /works/{slug}/entity/{id},detail_edge,965,30,edge LocatedIn on entity 32
negative_sabotaged,the-ninth-house,5,GET /works/{slug}/entity/{id},detail_edge,967,30,edge RelatedTo on entity 32
negative_sabotaged,the-ninth-house,5,GET /works/{slug}/entity/{id},detail_edge,1113,35,edge RelatedTo on entity 32
negative_sabotaged,the-ninth-house,5,GET /works/{slug}/entity/{id},detail_edge,1119,35,edge RelatedTo on entity 32
negative_sabotaged,the-ninth-house,5,GET /works/{slug}/entity/{id},detail_edge,1126,35,edge RelatedTo on entity 32
negative_sabotaged,the-ninth-house,5,GET /works/{slug}/entity/{id},detail_edge,1130,35,edge MemberOf on entity 32
negative_sabotaged,the-ninth-house,5,GET /works/{slug}/entity/{id},detail_edge,1134,35,edge LocatedIn on entity 32
negative_sabotaged,the-ninth-house,5,GET /works/{slug}/entity/{id},detail_edge,1139,35,edge ParticipatedIn on entity 32
negative_sabotaged,the-ninth-house,5,GET /works/{slug}/entity/{id},detail_edge,1144,35,edge RelatedTo on entity 32
negative_sabotaged,the-ninth-house,5,GET /works/{slug}/entity/{id},detail_edge,1149,35,edge LocatedIn on entity 32
negative_sabotaged,the-ninth-house,5,GET /works/{slug}/entity/{id},detail_edge,1150,35,edge OwnsItem on entity 32
negative_sabotaged,the-ninth-house,5,GET /works/{slug}/entity/{id},detail_edge,1302,40,edge RelatedTo on entity 32
negative_sabotaged,the-ninth-house,5,GET /works/{slug}/entity/{id},detail_edge,1304,40,edge RelatedTo on entity 32
negative_sabotaged,the-ninth-house,5,GET /works/{slug}/entity/{id},detail_edge,1338,22,edge Protects on entity 32
negative_sabotaged,the-ninth-house,5,GET /works/{slug}/entity/{id},detail_edge,311,8,edge MemberOf on entity 33
negative_sabotaged,the-ninth-house,5,GET /works/{slug}/entity/{id},detail_edge,312,8,edge RelatedTo on entity 33
negative_sabotaged,the-ninth-house,5,GET /works/{slug}/entity/{id},detail_edge,313,8,edge RelatedTo on entity 33
negative_sabotaged,the-ninth-house,5,GET /works/{slug}/entity/{id},detail_edge,314,8,edge OwnsItem on entity 33
negative_sabotaged,the-ninth-house,5,GET /works/{slug}/entity/{id},detail_edge,315,8,edge LeaderOf on entity 33
negative_sabotaged,the-ninth-house,5,GET /works/{slug}/entity/{id},detail_edge,335,8,edge OwnsItem on entity 33
negative_sabotaged,the-ninth-house,5,GET /works/{slug}/entity/{id},detail_edge,339,8,edge HasTitle on entity 33
negative_sabotaged,the-ninth-house,5,GET /works/{slug}/entity/{id},detail_edge,341,8,edge RelatedTo on entity 33
negative_sabotaged,the-ninth-house,5,GET /works/{slug}/entity/{id},detail_edge,343,8,edge LocatedIn on entity 33
negative_sabotaged,the-ninth-house,5,GET /works/{slug}/entity/{id},detail_edge,794,21,edge RelatedTo on entity 33
negative_sabotaged,the-ninth-house,5,GET /works/{slug}/entity/{id},detail_edge,796,21,edge LocatedIn on entity 33
negative_sabotaged,the-ninth-house,5,GET /works/{slug}/entity/{id},detail_edge,802,22,edge OwnsItem on entity 33
negative_sabotaged,the-ninth-house,5,GET /works/{slug}/entity/{id},detail_edge,804,22,edge RelatedTo on entity 33
negative_sabotaged,the-ninth-house,5,GET /works/{slug}/entity/{id},detail_edge,809,22,edge LocatedIn on entity 33
negative_sabotaged,the-ninth-house,5,GET /works/{slug}/entity/{id},detail_edge,966,30,edge LocatedIn on entity 33
negative_sabotaged,the-ninth-house,5,GET /works/{slug}/entity/{id},detail_edge,968,30,edge RelatedTo on entity 33
negative_sabotaged,the-ninth-house,5,GET /works/{slug}/entity/{id},detail_edge,969,30,edge RelatedTo on entity 33
negative_sabotaged,the-ninth-house,5,GET /works/{slug}/entity/{id},detail_edge,970,30,edge RelatedTo on entity 33
negative_sabotaged,the-ninth-house,5,GET /works/{slug}/entity/{id},detail_edge,647,17,edge LocatedIn on entity 34
negative_sabotaged,the-ninth-house,5,GET /works/{slug}/entity/{id},detail_edge,649,17,edge LocatedIn on entity 34
negative_sabotaged,the-ninth-house,5,GET /works/{slug}/entity/{id},detail_edge,651,17,edge RelatedTo on entity 34
negative_sabotaged,the-ninth-house,5,GET /works/{slug}/entity/{id},detail_edge,652,17,edge RelatedTo on entity 34
negative_sabotaged,the-ninth-house,5,GET /works/{slug}/entity/{id},detail_edge,653,17,edge LocatedIn on entity 34
negative_sabotaged,the-ninth-house,5,GET /works/{slug}/entity/{id},detail_edge,654,17,edge LeaderOf on entity 34
negative_sabotaged,the-ninth-house,5,GET /works/{slug}/entity/{id},detail_edge,671,17,edge RelatedTo on entity 34
negative_sabotaged,the-ninth-house,5,GET /works/{slug}/entity/{id},detail_edge,673,17,edge RelatedTo on entity 34
negative_sabotaged,the-ninth-house,5,GET /works/{slug}/entity/{id},detail_edge,675,17,edge LocatedIn on entity 34
negative_sabotaged,the-ninth-house,5,GET /works/{slug}/entity/{id},detail_edge,676,17,edge LocatedIn on entity 34
negative_sabotaged,the-ninth-house,5,GET /works/{slug}/entity/{id},detail_edge,1299,40,edge RelatedTo on entity 34
negative_sabotaged,the-ninth-house,5,GET /works/{slug}/entity/{id},detail_edge,242,6,edge ParticipatedIn on entity 35
negative_sabotaged,the-ninth-house,5,GET /works/{slug}/entity/{id},detail_edge,246,6,edge RelatedTo on entity 35
negative_sabotaged,the-ninth-house,5,GET /works/{slug}/entity/{id},detail_edge,250,6,edge RelatedTo on entity 35
negative_sabotaged,the-ninth-house,5,GET /works/{slug}/entity/{id},detail_edge,251,6,edge ParticipatedIn on entity 35
negative_sabotaged,the-ninth-house,5,GET /works/{slug}/entity/{id},detail_edge,888,27,edge RelatedTo on entity 35
negative_sabotaged,the-ninth-house,5,GET /works/{slug}/entity/{id},detail_edge,889,27,edge ParticipatedIn on entity 35
negative_sabotaged,the-ninth-house,5,GET /works/{slug}/entity/{id},detail_edge,655,17,edge RelatedTo on entity 36
negative_sabotaged,the-ninth-house,5,GET /works/{slug}/entity/{id},detail_edge,659,17,edge RelatedTo on entity 36
negative_sabotaged,the-ninth-house,5,GET /works/{slug}/entity/{id},detail_edge,662,17,edge LocatedIn on entity 36
negative_sabotaged,the-ninth-house,5,GET /works/{slug}/entity/{id},detail_edge,663,17,edge MemberOf on entity 36
negative_sabotaged,the-ninth-house,5,GET /works/{slug}/entity/{id},detail_edge,664,17,edge LocatedIn on entity 36
negative_sabotaged,the-ninth-house,5,GET /works/{slug}/entity/{id},detail_edge,1300,40,edge RelatedTo on entity 36
negative_sabotaged,the-ninth-house,5,GET /works/{slug}/entity/{id},detail_edge,1301,40,edge RelatedTo on entity 36
negative_sabotaged,the-ninth-house,5,GET /works/{slug}/entity/{id},detail_edge,1303,40,edge MemberOf on entity 36
negative_sabotaged,the-ninth-house,5,GET /works/{slug}/entity/{id},detail_edge,1312,40,edge LeaderOf on entity 37
negative_sabotaged,the-ninth-house,5,GET /works/{slug}/entity/{id},detail_edge,1314,40,edge LocatedIn on entity 37
negative_sabotaged,the-ninth-house,5,GET /works/{slug}/entity/{id},detail_edge,1315,40,edge LeaderOf on entity 37
negative_sabotaged,the-ninth-house,5,GET /works/{slug}/entity/{id},detail_edge,1317,40,edge RelatedTo on entity 37
negative_sabotaged,the-ninth-house,5,GET /works/{slug}/entity/{id},detail_edge,1318,40,edge LeaderOf on entity 37
negative_sabotaged,the-ninth-house,5,GET /works/{slug}/entity/{id},detail_edge,801,22,edge RelatedTo on entity 38
negative_sabotaged,the-ninth-house,5,GET /works/{slug}/entity/{id},detail_edge,802,22,edge OwnsItem on entity 38
negative_sabotaged,the-ninth-house,5,GET /works/{slug}/entity/{id},detail_edge,803,22,edge OwnsItem on entity 38
negative_sabotaged,the-ninth-house,5,GET /works/{slug}/entity/{id},detail_edge,212,6,edge LocatedIn on entity 43
negative_sabotaged,the-ninth-house,5,GET /works/{slug}/entity/{id},detail_edge,213,6,edge LocatedIn on entity 43
negative_sabotaged,the-ninth-house,5,GET /works/{slug}/entity/{id},detail_edge,214,6,edge LocatedIn on entity 43
negative_sabotaged,the-ninth-house,5,GET /works/{slug}/entity/{id},detail_edge,387,9,edge LocatedIn on entity 43
negative_sabotaged,the-ninth-house,5,GET /works/{slug}/entity/{id},detail_edge,394,9,edge RelatedTo on entity 43
negative_sabotaged,the-ninth-house,5,GET /works/{slug}/entity/{id},detail_edge,400,9,edge LocatedIn on entity 43
negative_sabotaged,the-ninth-house,5,GET /works/{slug}/entity/{id},detail_edge,405,9,edge RelatedTo on entity 43
negative_sabotaged,the-ninth-house,5,GET /works/{slug}/entity/{id},detail_edge,409,9,edge LocatedIn on entity 43
negative_sabotaged,the-ninth-house,5,GET /works/{slug}/entity/{id},detail_edge,411,9,edge LocatedIn on entity 43
negative_sabotaged,the-ninth-house,5,GET /works/{slug}/entity/{id},detail_edge,418,9,edge RelatedTo on entity 43
negative_sabotaged,the-ninth-house,5,GET /works/{slug}/entity/{id},detail_edge,419,9,edge LocatedIn on entity 43
negative_sabotaged,the-ninth-house,5,GET /works/{slug}/entity/{id},detail_edge,420,9,edge RelatedTo on entity 43
negative_sabotaged,the-ninth-house,5,GET /works/{slug}/entity/{id},detail_edge,421,9,edge LocatedIn on entity 43
negative_sabotaged,the-ninth-house,5,GET /works/{slug}/entity/{id},detail_edge,581,13,edge LocatedIn on entity 43
negative_sabotaged,the-ninth-house,5,GET /works/{slug}/entity/{id},detail_edge,588,13,edge RelatedTo on entity 43
negative_sabotaged,the-ninth-house,5,GET /works/{slug}/entity/{id},detail_edge,593,13,edge ParticipatedIn on entity 43
negative_sabotaged,the-ninth-house,5,GET /works/{slug}/entity/{id},detail_edge,594,13,edge RelatedTo on entity 43
negative_sabotaged,the-ninth-house,5,GET /works/{slug}/entity/{id},detail_edge,676,17,edge LocatedIn on entity 43
negative_sabotaged,the-ninth-house,5,GET /works/{slug}/entity/{id},detail_edge,677,17,edge LocatedIn on entity 43
negative_sabotaged,the-ninth-house,5,GET /works/{slug}/entity/{id},detail_edge,679,17,edge RelatedTo on entity 43
negative_sabotaged,the-ninth-house,5,GET /works/{slug}/entity/{id},detail_edge,681,17,edge RelatedTo on entity 43
negative_sabotaged,the-ninth-house,5,GET /works/{slug}/entity/{id},detail_edge,682,17,edge LocatedIn on entity 43
negative_sabotaged,the-ninth-house,5,GET /works/{slug}/entity/{id},detail_edge,761,19,edge LocatedIn on entity 43
negative_sabotaged,the-ninth-house,5,GET /works/{slug}/entity/{id},detail_edge,762,19,edge RelatedTo on entity 43
negative_sabotaged,the-ninth-house,5,GET /works/{slug}/entity/{id},detail_edge,781,20,edge RelatedTo on entity 43
negative_sabotaged,the-ninth-house,5,GET /works/{slug}/entity/{id},detail_edge,796,21,edge LocatedIn on entity 43
negative_sabotaged,the-ninth-house,5,GET /works/{slug}/entity/{id},detail_edge,797,21,edge LocatedIn on entity 43
negative_sabotaged,the-ninth-house,5,GET /works/{slug}/entity/{id},detail_edge,1020,32,edge RelatedTo on entity 43
negative_sabotaged,the-ninth-house,5,GET /works/{slug}/entity/{id},detail_edge,1023,32,edge RelatedTo on entity 43
negative_sabotaged,the-ninth-house,5,GET /works/{slug}/entity/{id},detail_edge,1033,33,edge LocatedIn on entity 43
negative_sabotaged,the-ninth-house,5,GET /works/{slug}/entity/{id},detail_edge,1034,33,edge RelatedTo on entity 43
negative_sabotaged,the-ninth-house,5,GET /works/{slug}/entity/{id},detail_edge,1035,33,edge LocatedIn on entity 43
negative_sabotaged,the-ninth-house,5,GET /works/{slug}/entity/{id},detail_edge,1078,33,edge RelatedTo on entity 43
negative_sabotaged,the-ninth-house,5,GET /works/{slug}/entity/{id},detail_edge,1079,34,edge LocatedIn on entity 43
negative_sabotaged,the-ninth-house,5,GET /works/{slug}/entity/{id},detail_edge,1230,37,edge RelatedTo on entity 43
negative_sabotaged,the-ninth-house,5,GET /works/{slug}/entity/{id},detail_edge,1245,38,edge LocatedIn on entity 43
negative_sabotaged,the-ninth-house,5,GET /works/{slug}/entity/{id},detail_edge,1246,38,edge LocatedIn on entity 43
negative_sabotaged,the-ninth-house,5,GET /works/{slug}/entity/{id},detail_edge,1247,38,edge RelatedTo on entity 43
negative_sabotaged,the-ninth-house,5,GET /works/{slug}/entity/{id},detail_edge,1249,38,edge LocatedIn on entity 43
negative_sabotaged,the-ninth-house,5,GET /works/{slug}/entity/{id},detail_edge,210,6,edge LocatedIn on entity 44
negative_sabotaged,the-ninth-house,5,GET /works/{slug}/entity/{id},detail_edge,211,6,edge LocatedIn on entity 44
negative_sabotaged,the-ninth-house,5,GET /works/{slug}/entity/{id},detail_edge,252,7,edge LocatedIn on entity 44
negative_sabotaged,the-ninth-house,5,GET /works/{slug}/entity/{id},detail_edge,386,9,edge LocatedIn on entity 44
negative_sabotaged,the-ninth-house,5,GET /works/{slug}/entity/{id},detail_edge,393,9,edge RelatedTo on entity 44
negative_sabotaged,the-ninth-house,5,GET /works/{slug}/entity/{id},detail_edge,399,9,edge LocatedIn on entity 44
negative_sabotaged,the-ninth-house,5,GET /works/{slug}/entity/{id},detail_edge,404,9,edge RelatedTo on entity 44
negative_sabotaged,the-ninth-house,5,GET /works/{slug}/entity/{id},detail_edge,408,9,edge LocatedIn on entity 44
negative_sabotaged,the-ninth-house,5,GET /works/{slug}/entity/{id},detail_edge,415,9,edge RelatedTo on entity 44
negative_sabotaged,the-ninth-house,5,GET /works/{slug}/entity/{id},detail_edge,416,9,edge LocatedIn on entity 44
negative_sabotaged,the-ninth-house,5,GET /works/{slug}/entity/{id},detail_edge,417,9,edge RelatedTo on entity 44
negative_sabotaged,the-ninth-house,5,GET /works/{slug}/entity/{id},detail_edge,438,9,edge RelatedTo on entity 44
negative_sabotaged,the-ninth-house,5,GET /works/{slug}/entity/{id},detail_edge,448,9,edge RelatedTo on entity 44
negative_sabotaged,the-ninth-house,5,GET /works/{slug}/entity/{id},detail_edge,454,9,edge LocatedIn on entity 44
negative_sabotaged,the-ninth-house,5,GET /works/{slug}/entity/{id},detail_edge,455,9,edge RelatedTo on entity 44
negative_sabotaged,the-ninth-house,5,GET /works/{slug}/entity/{id},detail_edge,456,9,edge RelatedTo on entity 44
negative_sabotaged,the-ninth-house,5,GET /works/{slug}/entity/{id},detail_edge,457,9,edge LocatedIn on entity 44
negative_sabotaged,the-ninth-house,5,GET /works/{slug}/entity/{id},detail_edge,477,10,edge RelatedTo on entity 44
negative_sabotaged,the-ninth-house,5,GET /works/{slug}/entity/{id},detail_edge,481,10,edge LocatedIn on entity 44
negative_sabotaged,the-ninth-house,5,GET /works/{slug}/entity/{id},detail_edge,484,10,edge RelatedTo on entity 44
negative_sabotaged,the-ninth-house,5,GET /works/{slug}/entity/{id},detail_edge,516,11,edge LocatedIn on entity 44
negative_sabotaged,the-ninth-house,5,GET /works/{slug}/entity/{id},detail_edge,521,11,edge RelatedTo on entity 44
negative_sabotaged,the-ninth-house,5,GET /works/{slug}/entity/{id},detail_edge,525,11,edge RelatedTo on entity 44
negative_sabotaged,the-ninth-house,5,GET /works/{slug}/entity/{id},detail_edge,528,11,edge RelatedTo on entity 44
negative_sabotaged,the-ninth-house,5,GET /works/{slug}/entity/{id},detail_edge,531,11,edge LocatedIn on entity 44
negative_sabotaged,the-ninth-house,5,GET /works/{slug}/entity/{id},detail_edge,537,11,edge LocatedIn on entity 44
negative_sabotaged,the-ninth-house,5,GET /works/{slug}/entity/{id},detail_edge,538,11,edge RelatedTo on entity 44
negative_sabotaged,the-ninth-house,5,GET /works/{slug}/entity/{id},detail_edge,539,11,edge LocatedIn on entity 44
negative_sabotaged,the-ninth-house,5,GET /works/{slug}/entity/{id},detail_edge,540,11,edge LocatedIn on entity 44
negative_sabotaged,the-ninth-house,5,GET /works/{slug}/entity/{id},detail_edge,541,11,edge ParticipatedIn on entity 44
negative_sabotaged,the-ninth-house,5,GET /works/{slug}/entity/{id},detail_edge,574,13,edge LocatedIn on entity 44
negative_sabotaged,the-ninth-house,5,GET /works/{slug}/entity/{id},detail_edge,575,13,edge RelatedTo on entity 44
negative_sabotaged,the-ninth-house,5,GET /works/{slug}/entity/{id},detail_edge,812,23,edge LocatedIn on entity 44
negative_sabotaged,the-ninth-house,5,GET /works/{slug}/entity/{id},detail_edge,1031,33,edge LocatedIn on entity 44
negative_sabotaged,the-ninth-house,5,GET /works/{slug}/entity/{id},detail_edge,1036,33,edge LocatedIn on entity 44
negative_sabotaged,the-ninth-house,5,GET /works/{slug}/entity/{id},detail_edge,1037,33,edge RelatedTo on entity 44
negative_sabotaged,the-ninth-house,5,GET /works/{slug}/entity/{id},detail_edge,385,9,edge RelatedTo on entity 45
negative_sabotaged,the-ninth-house,5,GET /works/{slug}/entity/{id},detail_edge,392,9,edge LocatedIn on entity 45
negative_sabotaged,the-ninth-house,5,GET /works/{slug}/entity/{id},detail_edge,398,9,edge RelatedTo on entity 45
negative_sabotaged,the-ninth-house,5,GET /works/{slug}/entity/{id},detail_edge,403,9,edge LocatedIn on entity 45
negative_sabotaged,the-ninth-house,5,GET /works/{slug}/entity/{id},detail_edge,407,9,edge RelatedTo on entity 45
negative_sabotaged,the-ninth-house,5,GET /works/{slug}/entity/{id},detail_edge,411,9,edge LocatedIn on entity 45
negative_sabotaged,the-ninth-house,5,GET /works/{slug}/entity/{id},detail_edge,412,9,edge RelatedTo on entity 45
negative_sabotaged,the-ninth-house,5,GET /works/{slug}/entity/{id},detail_edge,413,9,edge RelatedTo on entity 45
negative_sabotaged,the-ninth-house,5,GET /works/{slug}/entity/{id},detail_edge,414,9,edge HasTitle on entity 45
negative_sabotaged,the-ninth-house,5,GET /works/{slug}/entity/{id},detail_edge,430,9,edge RelatedTo on entity 45
negative_sabotaged,the-ninth-house,5,GET /works/{slug}/entity/{id},detail_edge,492,10,edge RelatedTo on entity 45
negative_sabotaged,the-ninth-house,5,GET /works/{slug}/entity/{id},detail_edge,495,10,edge RelatedTo on entity 45
negative_sabotaged,the-ninth-house,5,GET /works/{slug}/entity/{id},detail_edge,497,10,edge RelatedTo on entity 45
negative_sabotaged,the-ninth-house,5,GET /works/{slug}/entity/{id},detail_edge,503,10,edge RelatedTo on entity 45
negative_sabotaged,the-ninth-house,5,GET /works/{slug}/entity/{id},detail_edge,504,10,edge LocatedIn on entity 45
negative_sabotaged,the-ninth-house,5,GET /works/{slug}/entity/{id},detail_edge,509,10,edge OwnsItem on entity 45
negative_sabotaged,the-ninth-house,5,GET /works/{slug}/entity/{id},detail_edge,512,10,edge RelatedTo on entity 45
negative_sabotaged,the-ninth-house,5,GET /works/{slug}/entity/{id},detail_edge,580,13,edge MemberOf on entity 45
negative_sabotaged,the-ninth-house,5,GET /works/{slug}/entity/{id},detail_edge,587,13,edge LocatedIn on entity 45
negative_sabotaged,the-ninth-house,5,GET /works/{slug}/entity/{id},detail_edge,591,13,edge ParticipatedIn on entity 45
negative_sabotaged,the-ninth-house,5,GET /works/{slug}/entity/{id},detail_edge,592,13,edge OwnsItem on entity 45
negative_sabotaged,the-ninth-house,5,GET /works/{slug}/entity/{id},detail_edge,601,13,edge HasTitle on entity 45
negative_sabotaged,the-ninth-house,5,GET /works/{slug}/entity/{id},detail_edge,830,23,edge ParticipatedIn on entity 45
negative_sabotaged,the-ninth-house,5,GET /works/{slug}/entity/{id},detail_edge,832,23,edge LocatedIn on entity 45
negative_sabotaged,the-ninth-house,5,GET /works/{slug}/entity/{id},detail_edge,1323,10,edge SECRET_IDENTITY on entity 45
negative_sabotaged,the-ninth-house,5,GET /works/{slug}/entity/{id},detail_edge,1339,9,edge Respects on entity 45
negative_sabotaged,the-ninth-house,5,GET /works/{slug}/entity/{id},detail_edge,314,8,edge OwnsItem on entity 46
negative_sabotaged,the-ninth-house,5,GET /works/{slug}/entity/{id},detail_edge,316,8,edge RelatedTo on entity 46
negative_sabotaged,the-ninth-house,5,GET /works/{slug}/entity/{id},detail_edge,320,8,edge OwnsItem on entity 46
negative_sabotaged,the-ninth-house,5,GET /works/{slug}/entity/{id},detail_edge,324,8,edge RelatedTo on entity 46
negative_sabotaged,the-ninth-house,5,GET /works/{slug}/entity/{id},detail_edge,325,8,edge RelatedTo on entity 46
negative_sabotaged,the-ninth-house,5,GET /works/{slug}/entity/{id},detail_edge,326,8,edge RelatedTo on entity 46
negative_sabotaged,the-ninth-house,5,GET /works/{slug}/entity/{id},detail_edge,337,8,edge OwnsItem on entity 46
negative_sabotaged,the-ninth-house,5,GET /works/{slug}/entity/{id},detail_edge,641,16,edge RelatedTo on entity 46
negative_sabotaged,the-ninth-house,5,GET /works/{slug}/entity/{id},detail_edge,642,16,edge OwnsItem on entity 46
negative_sabotaged,the-ninth-house,5,GET /works/{slug}/entity/{id},detail_edge,644,16,edge RelatedTo on entity 46
negative_sabotaged,the-ninth-house,5,GET /works/{slug}/entity/{id},detail_edge,981,31,edge RelatedTo on entity 46
negative_sabotaged,the-ninth-house,5,GET /works/{slug}/entity/{id},detail_edge,984,31,edge OwnsItem on entity 46
negative_sabotaged,the-ninth-house,5,GET /works/{slug}/entity/{id},detail_edge,986,31,edge RelatedTo on entity 46
negative_sabotaged,the-ninth-house,5,GET /works/{slug}/entity/{id},detail_edge,988,31,edge RelatedTo on entity 46
negative_sabotaged,the-ninth-house,5,GET /works/{slug}/entity/{id},detail_edge,989,31,edge OwnsItem on entity 46
negative_sabotaged,the-ninth-house,5,GET /works/{slug}/entity/{id},detail_edge,990,31,edge OwnsItem on entity 46
negative_sabotaged,the-ninth-house,5,GET /works/{slug}/entity/{id},detail_edge,991,31,edge OwnsItem on entity 46
negative_sabotaged,the-ninth-house,5,GET /works/{slug}/entity/{id},detail_edge,1017,32,edge RelatedTo on entity 46
negative_sabotaged,the-ninth-house,5,GET /works/{slug}/entity/{id},detail_edge,1019,32,edge RelatedTo on entity 46
negative_sabotaged,the-ninth-house,5,GET /works/{slug}/entity/{id},detail_edge,1023,32,edge RelatedTo on entity 46
negative_sabotaged,the-ninth-house,5,GET /works/{slug}/entity/{id},detail_edge,1024,32,edge OwnsItem on entity 46
negative_sabotaged,the-ninth-house,5,GET /works/{slug}/entity/{id},detail_edge,1081,34,edge OwnsItem on entity 46
negative_sabotaged,the-ninth-house,5,GET /works/{slug}/entity/{id},detail_edge,1238,38,edge OwnsItem on entity 46
negative_sabotaged,the-ninth-house,5,GET /works/{slug}/entity/{id},detail_edge,1240,38,edge OwnsItem on entity 46
negative_sabotaged,the-ninth-house,5,GET /works/{slug}/entity/{id},detail_edge,1243,38,edge OwnsItem on entity 46
negative_sabotaged,the-ninth-house,5,GET /works/{slug}/entity/{id},detail_edge,1244,38,edge RelatedTo on entity 46
negative_sabotaged,the-ninth-house,5,GET /works/{slug}/entity/{id},detail_edge,421,9,edge LocatedIn on entity 48
negative_sabotaged,the-ninth-house,5,GET /works/{slug}/entity/{id},detail_edge,424,9,edge RelatedTo on entity 48
negative_sabotaged,the-ninth-house,5,GET /works/{slug}/entity/{id},detail_edge,426,9,edge RelatedTo on entity 48
negative_sabotaged,the-ninth-house,5,GET /works/{slug}/entity/{id},detail_edge,428,9,edge HasTitle on entity 48
negative_sabotaged,the-ninth-house,5,GET /works/{slug}/entity/{id},detail_edge,431,9,edge RelatedTo on entity 48
negative_sabotaged,the-ninth-house,5,GET /works/{slug}/entity/{id},detail_edge,432,9,edge LocatedIn on entity 48
negative_sabotaged,the-ninth-house,5,GET /works/{slug}/entity/{id},detail_edge,433,9,edge RelatedTo on entity 48
negative_sabotaged,the-ninth-house,5,GET /works/{slug}/entity/{id},detail_edge,434,9,edge LocatedIn on entity 48
negative_sabotaged,the-ninth-house,5,GET /works/{slug}/entity/{id},detail_edge,435,9,edge LocatedIn on entity 48
negative_sabotaged,the-ninth-house,5,GET /works/{slug}/entity/{id},detail_edge,436,9,edge RelatedTo on entity 48
negative_sabotaged,the-ninth-house,5,GET /works/{slug}/entity/{id},detail_edge,478,10,edge RelatedTo on entity 48
negative_sabotaged,the-ninth-house,5,GET /works/{slug}/entity/{id},detail_edge,482,10,edge MemberOf on entity 48
negative_sabotaged,the-ninth-house,5,GET /works/{slug}/entity/{id},detail_edge,485,10,edge RelatedTo on entity 48
negative_sabotaged,the-ninth-house,5,GET /works/{slug}/entity/{id},detail_edge,491,10,edge RelatedTo on entity 48
negative_sabotaged,the-ninth-house,5,GET /works/{slug}/entity/{id},detail_edge,494,10,edge RelatedTo on entity 48
negative_sabotaged,the-ninth-house,5,GET /works/{slug}/entity/{id},detail_edge,496,10,edge RelatedTo on entity 48
negative_sabotaged,the-ninth-house,5,GET /works/{slug}/entity/{id},detail_edge,501,10,edge RelatedTo on entity 48
negative_sabotaged,the-ninth-house,5,GET /works/{slug}/entity/{id},detail_edge,502,10,edge LocatedIn on entity 48
negative_sabotaged,the-ninth-house,5,GET /works/{slug}/entity/{id},detail_edge,370,9,edge LocatedIn on entity 49
negative_sabotaged,the-ninth-house,5,GET /works/{slug}/entity/{id},detail_edge,376,9,edge LocatedIn on entity 49
negative_sabotaged,the-ninth-house,5,GET /works/{slug}/entity/{id},detail_edge,377,9,edge RelatedTo on entity 49
negative_sabotaged,the-ninth-house,5,GET /works/{slug}/entity/{id},detail_edge,378,9,edge LocatedIn on entity 49
negative_sabotaged,the-ninth-house,5,GET /works/{slug}/entity/{id},detail_edge,379,9,edge RelatedTo on entity 49
negative_sabotaged,the-ninth-house,5,GET /works/{slug}/entity/{id},detail_edge,380,9,edge LocatedIn on entity 49
negative_sabotaged,the-ninth-house,5,GET /works/{slug}/entity/{id},detail_edge,502,10,edge LocatedIn on entity 49
negative_sabotaged,the-ninth-house,5,GET /works/{slug}/entity/{id},detail_edge,504,10,edge LocatedIn on entity 49
negative_sabotaged,the-ninth-house,5,GET /works/{slug}/entity/{id},detail_edge,506,10,edge LocatedIn on entity 49
negative_sabotaged,the-ninth-house,5,GET /works/{slug}/entity/{id},detail_edge,507,10,edge LocatedIn on entity 49
negative_sabotaged,the-ninth-house,5,GET /works/{slug}/entity/{id},detail_edge,508,10,edge RelatedTo on entity 49
negative_sabotaged,the-ninth-house,5,GET /works/{slug}/entity/{id},detail_edge,877,26,edge RelatedTo on entity 49
negative_sabotaged,the-ninth-house,5,GET /works/{slug}/entity/{id},detail_edge,878,26,edge LocatedIn on entity 49
negative_sabotaged,the-ninth-house,5,GET /works/{slug}/entity/{id},detail_edge,879,26,edge LocatedIn on entity 49
negative_sabotaged,the-ninth-house,5,GET /works/{slug}/entity/{id},detail_edge,881,26,edge LocatedIn on entity 49
negative_sabotaged,the-ninth-house,5,GET /works/{slug}/entity/{id},detail_edge,882,26,edge LocatedIn on entity 49
negative_sabotaged,the-ninth-house,5,GET /works/{slug}/entity/{id},detail_edge,710,18,edge RelatedTo on entity 50
negative_sabotaged,the-ninth-house,5,GET /works/{slug}/entity/{id},detail_edge,717,18,edge RelatedTo on entity 50
negative_sabotaged,the-ninth-house,5,GET /works/{slug}/entity/{id},detail_edge,723,18,edge LocatedIn on entity 50
negative_sabotaged,the-ninth-house,5,GET /works/{slug}/entity/{id},detail_edge,728,18,edge RelatedTo on entity 50
negative_sabotaged,the-ninth-house,5,GET /works/{slug}/entity/{id},detail_edge,733,18,edge RelatedTo on entity 50
negative_sabotaged,the-ninth-house,5,GET /works/{slug}/entity/{id},detail_edge,737,18,edge LocatedIn on entity 50
negative_sabotaged,the-ninth-house,5,GET /works/{slug}/entity/{id},detail_edge,739,18,edge RelatedTo on entity 50
negative_sabotaged,the-ninth-house,5,GET /works/{slug}/entity/{id},detail_edge,741,18,edge RelatedTo on entity 50
negative_sabotaged,the-ninth-house,5,GET /works/{slug}/entity/{id},detail_edge,743,18,edge LocatedIn on entity 50
