chapter,section,variant,key,metric,value,detail
9,validation,,excluded_entities,count,0,
9,validation,,excluded_relations,count,0,
9,validation,,excluded_aliases,count,0,
9,validation,,excluded_rejected_mentions,count,0,
9,uncertain,,records_excluded,count,4,"free-text item/paragraph/question notes; they contain no entity or relation records, so nothing was scored from them"
17,validation,,excluded_entities,count,0,
17,validation,,excluded_relations,count,0,
17,validation,,excluded_aliases,count,0,
17,validation,,excluded_rejected_mentions,count,0,
17,uncertain,,records_excluded,count,11,"free-text item/paragraph/question notes; they contain no entity or relation records, so nothing was scored from them"
37,validation,,excluded_entities,count,0,
37,validation,,excluded_relations,count,0,
37,validation,,excluded_aliases,count,0,
37,validation,,excluded_rejected_mentions,count,0,
37,uncertain,,records_excluded,count,8,"free-text item/paragraph/question notes; they contain no entity or relation records, so nothing was scored from them"
all,match_rule,,normalisation,text,"normalise(s): Unicode NFKC; replace the curly apostrophe U+2019 with '; casefold; strip surrounding whitespace and the characters ""'`.,;:!?()[]{}<>; collapse every internal whitespace run to one space; drop a leading article 'the ', 'a ' or 'an '; drop a trailing possessive ""'s"".",
all,match_rule,,entity,text,"PRIMARY (strict): a v1 entity matches a reference entity iff normalise(v1.name) == normalise(reference.name) AND v1.type == reference.type. One-to-one: each reference entity is consumed by at most one v1 entity. SECONDARY (alias-aware, reported alongside, never instead): additionally allow a match when normalise(v1.name) equals the normalisation of ANY of the reference entity's surface_forms, with the type still required to be equal.",
all,match_rule,,relation,text,"A v1 edge matches a reference relation iff their source entities matched, their target entities matched, and the relation string is equal. Reference relations with directed=true are matched on the ORDERED pair; with directed=false, either order is accepted. Endpoints that could not be matched to a v1 entity make the relation unmatchable, and it is counted as a reference-side miss.",
9,entity,strict,ALL,precision,0.52381,
9,entity,strict,ALL,recall,0.5,
9,entity,strict,ALL,f1,0.511628,
9,entity,strict,ALL,tp,11,
9,entity,strict,ALL,fp,10,
9,entity,strict,ALL,fn,11,
9,entity,strict,Ability,precision,0.0,
9,entity,strict,Ability,recall,0.0,
9,entity,strict,Ability,f1,0.0,
9,entity,strict,Ability,tp,0,
9,entity,strict,Ability,fp,0,
9,entity,strict,Ability,fn,1,
9,entity,strict,Character,precision,0.666667,
9,entity,strict,Character,recall,0.666667,
9,entity,strict,Character,f1,0.666667,
9,entity,strict,Character,tp,6,
9,entity,strict,Character,fp,3,
9,entity,strict,Character,fn,3,
9,entity,strict,Concept,precision,0.0,
9,entity,strict,Concept,recall,0.0,
9,entity,strict,Concept,f1,0.0,
9,entity,strict,Concept,tp,0,
9,entity,strict,Concept,fp,2,
9,entity,strict,Concept,fn,1,
9,entity,strict,Event,precision,0.0,
9,entity,strict,Event,recall,0.0,
9,entity,strict,Event,f1,0.0,
9,entity,strict,Event,tp,0,
9,entity,strict,Event,fp,1,
9,entity,strict,Event,fn,0,
9,entity,strict,Item,precision,0.0,
9,entity,strict,Item,recall,0.0,
9,entity,strict,Item,f1,0.0,
9,entity,strict,Item,tp,0,
9,entity,strict,Item,fp,0,
9,entity,strict,Item,fn,1,
9,entity,strict,Organization,precision,0.0,
9,entity,strict,Organization,recall,0.0,
9,entity,strict,Organization,f1,0.0,
9,entity,strict,Organization,tp,0,
9,entity,strict,Organization,fp,0,
9,entity,strict,Organization,fn,2,
9,entity,strict,Place,precision,0.625,
9,entity,strict,Place,recall,0.714286,
9,entity,strict,Place,f1,0.666667,
9,entity,strict,Place,tp,5,
9,entity,strict,Place,fp,3,
9,entity,strict,Place,fn,2,
9,entity,strict,Title,precision,0.0,
9,entity,strict,Title,recall,0.0,
9,entity,strict,Title,f1,0.0,
9,entity,strict,Title,tp,0,
9,entity,strict,Title,fp,1,
9,entity,strict,Title,fn,1,
9,entity,alias_aware,ALL,precision,0.571429,
9,entity,alias_aware,ALL,recall,0.545455,
9,entity,alias_aware,ALL,f1,0.55814,
9,entity,alias_aware,ALL,tp,12,
9,entity,alias_aware,ALL,fp,9,
9,entity,alias_aware,ALL,fn,10,
9,entity,alias_aware,Ability,precision,0.0,
9,entity,alias_aware,Ability,recall,0.0,
9,entity,alias_aware,Ability,f1,0.0,
9,entity,alias_aware,Ability,tp,0,
9,entity,alias_aware,Ability,fp,0,
9,entity,alias_aware,Ability,fn,1,
9,entity,alias_aware,Character,precision,0.777778,
9,entity,alias_aware,Character,recall,0.777778,
9,entity,alias_aware,Character,f1,0.777778,
9,entity,alias_aware,Character,tp,7,
9,entity,alias_aware,Character,fp,2,
9,entity,alias_aware,Character,fn,2,
9,entity,alias_aware,Concept,precision,0.0,
9,entity,alias_aware,Concept,recall,0.0,
9,entity,alias_aware,Concept,f1,0.0,
9,entity,alias_aware,Concept,tp,0,
9,entity,alias_aware,Concept,fp,2,
9,entity,alias_aware,Concept,fn,1,
9,entity,alias_aware,Event,precision,0.0,
9,entity,alias_aware,Event,recall,0.0,
9,entity,alias_aware,Event,f1,0.0,
9,entity,alias_aware,Event,tp,0,
9,entity,alias_aware,Event,fp,1,
9,entity,alias_aware,Event,fn,0,
9,entity,alias_aware,Item,precision,0.0,
9,entity,alias_aware,Item,recall,0.0,
9,entity,alias_aware,Item,f1,0.0,
9,entity,alias_aware,Item,tp,0,
9,entity,alias_aware,Item,fp,0,
9,entity,alias_aware,Item,fn,1,
9,entity,alias_aware,Organization,precision,0.0,
9,entity,alias_aware,Organization,recall,0.0,
9,entity,alias_aware,Organization,f1,0.0,
9,entity,alias_aware,Organization,tp,0,
9,entity,alias_aware,Organization,fp,0,
9,entity,alias_aware,Organization,fn,2,
9,entity,alias_aware,Place,precision,0.625,
9,entity,alias_aware,Place,recall,0.714286,
9,entity,alias_aware,Place,f1,0.666667,
9,entity,alias_aware,Place,tp,5,
9,entity,alias_aware,Place,fp,3,
9,entity,alias_aware,Place,fn,2,
9,entity,alias_aware,Title,precision,0.0,
9,entity,alias_aware,Title,recall,0.0,
9,entity,alias_aware,Title,f1,0.0,
9,entity,alias_aware,Title,tp,0,
9,entity,alias_aware,Title,fp,1,
9,entity,alias_aware,Title,fn,1,
9,entity_false_positive,strict,Warden,v1_type,Character,
9,entity_false_positive,strict,Corwin,v1_type,Character,
9,entity_false_positive,strict,Drask,v1_type,Character,
9,entity_false_positive,strict,House Vell,v1_type,Place,
9,entity_false_positive,strict,Captain,v1_type,Title,
9,entity_false_positive,strict,quiet,v1_type,Concept,
9,entity_false_positive,strict,Across the Quarter,v1_type,Place,
9,entity_false_positive,strict,gilded rooms,v1_type,Place,
9,entity_false_positive,strict,Discipline,v1_type,Concept,
9,entity_false_positive,strict,intended outcome,v1_type,Event,
9,entity_false_negative,strict,Orin Drask,reference_type,Character,
9,entity_false_negative,strict,Warden-Captain,reference_type,Title,
9,entity_false_negative,strict,Salt Quarter watch,reference_type,Organization,
9,entity_false_negative,strict,Warden,reference_type,Concept,
9,entity_false_negative,strict,Sorrel,reference_type,Character,
9,entity_false_negative,strict,Undercroft's hidden door,reference_type,Item,
9,entity_false_negative,strict,fishmonger's stall,reference_type,Place,
9,entity_false_negative,strict,Warden's Discipline,reference_type,Ability,
9,entity_false_negative,strict,Vell Hall,reference_type,Place,
9,entity_false_negative,strict,House Vell,reference_type,Organization,
9,entity_false_negative,strict,Corwin Vell,reference_type,Character,
9,entity_type_disagreement,,Warden,v1_vs_reference,Character vs Concept,
9,entity_type_disagreement,,House Vell,v1_vs_reference,Place vs Organization,
17,entity,strict,ALL,precision,0.444444,
17,entity,strict,ALL,recall,0.533333,
17,entity,strict,ALL,f1,0.484848,
17,entity,strict,ALL,tp,8,
17,entity,strict,ALL,fp,10,
17,entity,strict,ALL,fn,7,
17,entity,strict,Character,precision,0.75,
17,entity,strict,Character,recall,1.0,
17,entity,strict,Character,f1,0.857143,
17,entity,strict,Character,tp,6,
17,entity,strict,Character,fp,2,
17,entity,strict,Character,fn,0,
17,entity,strict,Concept,precision,0.0,
17,entity,strict,Concept,recall,0.0,
17,entity,strict,Concept,f1,0.0,
17,entity,strict,Concept,tp,0,
17,entity,strict,Concept,fp,1,
17,entity,strict,Concept,fn,0,
17,entity,strict,Event,precision,0.0,
17,entity,strict,Event,recall,0.0,
17,entity,strict,Event,f1,0.0,
17,entity,strict,Event,tp,0,
17,entity,strict,Event,fp,0,
17,entity,strict,Event,fn,1,
17,entity,strict,Item,precision,0.0,
17,entity,strict,Item,recall,0.0,
17,entity,strict,Item,f1,0.0,
17,entity,strict,Item,tp,0,
17,entity,strict,Item,fp,1,
17,entity,strict,Item,fn,0,
17,entity,strict,Organization,precision,0.5,
17,entity,strict,Organization,recall,0.25,
17,entity,strict,Organization,f1,0.333333,
17,entity,strict,Organization,tp,1,
17,entity,strict,Organization,fp,1,
17,entity,strict,Organization,fn,3,
17,entity,strict,Place,precision,0.166667,
17,entity,strict,Place,recall,0.5,
17,entity,strict,Place,f1,0.25,
17,entity,strict,Place,tp,1,
17,entity,strict,Place,fp,5,
17,entity,strict,Place,fn,1,
17,entity,strict,Title,precision,0.0,
17,entity,strict,Title,recall,0.0,
17,entity,strict,Title,f1,0.0,
17,entity,strict,Title,tp,0,
17,entity,strict,Title,fp,0,
17,entity,strict,Title,fn,2,
17,entity,alias_aware,ALL,precision,0.444444,
17,entity,alias_aware,ALL,recall,0.533333,
17,entity,alias_aware,ALL,f1,0.484848,
17,entity,alias_aware,ALL,tp,8,
17,entity,alias_aware,ALL,fp,10,
17,entity,alias_aware,ALL,fn,7,
17,entity,alias_aware,Character,precision,0.75,
17,entity,alias_aware,Character,recall,1.0,
17,entity,alias_aware,Character,f1,0.857143,
17,entity,alias_aware,Character,tp,6,
17,entity,alias_aware,Character,fp,2,
17,entity,alias_aware,Character,fn,0,
17,entity,alias_aware,Concept,precision,0.0,
17,entity,alias_aware,Concept,recall,0.0,
17,entity,alias_aware,Concept,f1,0.0,
17,entity,alias_aware,Concept,tp,0,
17,entity,alias_aware,Concept,fp,1,
17,entity,alias_aware,Concept,fn,0,
17,entity,alias_aware,Event,precision,0.0,
17,entity,alias_aware,Event,recall,0.0,
17,entity,alias_aware,Event,f1,0.0,
17,entity,alias_aware,Event,tp,0,
17,entity,alias_aware,Event,fp,0,
17,entity,alias_aware,Event,fn,1,
17,entity,alias_aware,Item,precision,0.0,
17,entity,alias_aware,Item,recall,0.0,
17,entity,alias_aware,Item,f1,0.0,
17,entity,alias_aware,Item,tp,0,
17,entity,alias_aware,Item,fp,1,
17,entity,alias_aware,Item,fn,0,
17,entity,alias_aware,Organization,precision,0.5,
17,entity,alias_aware,Organization,recall,0.25,
17,entity,alias_aware,Organization,f1,0.333333,
17,entity,alias_aware,Organization,tp,1,
17,entity,alias_aware,Organization,fp,1,
17,entity,alias_aware,Organization,fn,3,
17,entity,alias_aware,Place,precision,0.166667,
17,entity,alias_aware,Place,recall,0.5,
17,entity,alias_aware,Place,f1,0.25,
17,entity,alias_aware,Place,tp,1,
17,entity,alias_aware,Place,fp,5,
17,entity,alias_aware,Place,fn,1,
17,entity,alias_aware,Title,precision,0.0,
17,entity,alias_aware,Title,recall,0.0,
17,entity,alias_aware,Title,f1,0.0,
17,entity,alias_aware,Title,tp,0,
17,entity,alias_aware,Title,fp,0,
17,entity,alias_aware,Title,fn,2,
17,entity_false_positive,strict,Chancery,v1_type,Organization,
17,entity_false_positive,strict,Meraude,v1_type,Character,
17,entity_false_positive,strict,Undercroft,v1_type,Place,
17,entity_false_positive,strict,House Ashcombe,v1_type,Place,
17,entity_false_positive,strict,scribe,v1_type,Character,
17,entity_false_positive,strict,House Vell,v1_type,Place,
17,entity_false_positive,strict,gilded rooms,v1_type,Place,
17,entity_false_positive,strict,invitation,v1_type,Item,
17,entity_false_positive,strict,House Oswald,v1_type,Place,
17,entity_false_positive,strict,ambition,v1_type,Concept,
17,entity_false_negative,strict,House Vell,reference_type,Organization,
17,entity_false_negative,strict,Vell Masque,reference_type,Event,
17,entity_false_negative,strict,House Oswald,reference_type,Organization,
17,entity_false_negative,strict,House Ashcombe,reference_type,Organization,
17,entity_false_negative,strict,Chancery,reference_type,Place,
17,entity_false_negative,strict,Lord,reference_type,Title,
17,entity_false_negative,strict,Scribe,reference_type,Title,
17,entity_type_disagreement,,Chancery,v1_vs_reference,Organization vs Place,
17,entity_type_disagreement,,House Ashcombe,v1_vs_reference,Place vs Organization,
17,entity_type_disagreement,,scribe,v1_vs_reference,Character vs Title,
17,entity_type_disagreement,,House Vell,v1_vs_reference,Place vs Organization,
17,entity_type_disagreement,,House Oswald,v1_vs_reference,Place vs Organization,
37,entity,strict,ALL,precision,0.666667,
37,entity,strict,ALL,recall,0.666667,
37,entity,strict,ALL,f1,0.666667,
37,entity,strict,ALL,tp,6,
37,entity,strict,ALL,fp,3,
37,entity,strict,ALL,fn,3,
37,entity,strict,Character,precision,0.5,
37,entity,strict,Character,recall,0.666667,
37,entity,strict,Character,f1,0.571429,
37,entity,strict,Character,tp,2,
37,entity,strict,Character,fp,2,
37,entity,strict,Character,fn,1,
37,entity,strict,Concept,precision,0.0,
37,entity,strict,Concept,recall,0.0,
37,entity,strict,Concept,f1,0.0,
37,entity,strict,Concept,tp,0,
37,entity,strict,Concept,fp,0,
37,entity,strict,Concept,fn,2,
37,entity,strict,Event,precision,0.0,
37,entity,strict,Event,recall,0.0,
37,entity,strict,Event,f1,0.0,
37,entity,strict,Event,tp,0,
37,entity,strict,Event,fp,1,
37,entity,strict,Event,fn,0,
37,entity,strict,Organization,precision,1.0,
37,entity,strict,Organization,recall,1.0,
37,entity,strict,Organization,f1,1.0,
37,entity,strict,Organization,tp,1,
37,entity,strict,Organization,fp,0,
37,entity,strict,Organization,fn,0,
37,entity,strict,Place,precision,1.0,
37,entity,strict,Place,recall,1.0,
37,entity,strict,Place,f1,1.0,
37,entity,strict,Place,tp,3,
37,entity,strict,Place,fp,0,
37,entity,strict,Place,fn,0,
37,entity,alias_aware,ALL,precision,0.777778,
37,entity,alias_aware,ALL,recall,0.777778,
37,entity,alias_aware,ALL,f1,0.777778,
37,entity,alias_aware,ALL,tp,7,
37,entity,alias_aware,ALL,fp,2,
37,entity,alias_aware,ALL,fn,2,
37,entity,alias_aware,Character,precision,0.75,
37,entity,alias_aware,Character,recall,1.0,
37,entity,alias_aware,Character,f1,0.857143,
37,entity,alias_aware,Character,tp,3,
37,entity,alias_aware,Character,fp,1,
37,entity,alias_aware,Character,fn,0,
37,entity,alias_aware,Concept,precision,0.0,
37,entity,alias_aware,Concept,recall,0.0,
37,entity,alias_aware,Concept,f1,0.0,
37,entity,alias_aware,Concept,tp,0,
37,entity,alias_aware,Concept,fp,0,
37,entity,alias_aware,Concept,fn,2,
37,entity,alias_aware,Event,precision,0.0,
37,entity,alias_aware,Event,recall,0.0,
37,entity,alias_aware,Event,f1,0.0,
37,entity,alias_aware,Event,tp,0,
37,entity,alias_aware,Event,fp,1,
37,entity,alias_aware,Event,fn,0,
37,entity,alias_aware,Organization,precision,1.0,
37,entity,alias_aware,Organization,recall,1.0,
37,entity,alias_aware,Organization,f1,1.0,
37,entity,alias_aware,Organization,tp,1,
37,entity,alias_aware,Organization,fp,0,
37,entity,alias_aware,Organization,fn,0,
37,entity,alias_aware,Place,precision,1.0,
37,entity,alias_aware,Place,recall,1.0,
37,entity,alias_aware,Place,f1,1.0,
37,entity,alias_aware,Place,tp,3,
37,entity,alias_aware,Place,fp,0,
37,entity,alias_aware,Place,fn,0,
37,entity_false_positive,strict,Mira,v1_type,Character,
37,entity_false_positive,strict,Undercroft collapse,v1_type,Event,
37,entity_false_positive,strict,Wanderer,v1_type,Character,
37,entity_false_negative,strict,Mira Quell,reference_type,Character,
37,entity_false_negative,strict,Wanderer,reference_type,Concept,
37,entity_false_negative,strict,Choir initiate,reference_type,Concept,
37,entity_type_disagreement,,Wanderer,v1_vs_reference,Character vs Concept,
pooled,entity,strict,ALL,precision,0.520833,
pooled,entity,strict,ALL,recall,0.543478,
pooled,entity,strict,ALL,f1,0.531915,
pooled,entity,strict,ALL,tp,25,
pooled,entity,strict,ALL,fp,23,
pooled,entity,strict,ALL,fn,21,
pooled,entity,strict,Ability,precision,0.0,
pooled,entity,strict,Ability,recall,0.0,
pooled,entity,strict,Ability,f1,0.0,
pooled,entity,strict,Ability,tp,0,
pooled,entity,strict,Ability,fp,0,
pooled,entity,strict,Ability,fn,1,
pooled,entity,strict,Character,precision,0.666667,
pooled,entity,strict,Character,recall,0.777778,
pooled,entity,strict,Character,f1,0.717949,
pooled,entity,strict,Character,tp,14,
pooled,entity,strict,Character,fp,7,
pooled,entity,strict,Character,fn,4,
pooled,entity,strict,Concept,precision,0.0,
pooled,entity,strict,Concept,recall,0.0,
pooled,entity,strict,Concept,f1,0.0,
pooled,entity,strict,Concept,tp,0,
pooled,entity,strict,Concept,fp,3,
pooled,entity,strict,Concept,fn,3,
pooled,entity,strict,Event,precision,0.0,
pooled,entity,strict,Event,recall,0.0,
pooled,entity,strict,Event,f1,0.0,
pooled,entity,strict,Event,tp,0,
pooled,entity,strict,Event,fp,2,
pooled,entity,strict,Event,fn,1,
pooled,entity,strict,Item,precision,0.0,
pooled,entity,strict,Item,recall,0.0,
pooled,entity,strict,Item,f1,0.0,
pooled,entity,strict,Item,tp,0,
pooled,entity,strict,Item,fp,1,
pooled,entity,strict,Item,fn,1,
pooled,entity,strict,Organization,precision,0.666667,
pooled,entity,strict,Organization,recall,0.285714,
pooled,entity,strict,Organization,f1,0.4,
pooled,entity,strict,Organization,tp,2,
pooled,entity,strict,Organization,fp,1,
pooled,entity,strict,Organization,fn,5,
pooled,entity,strict,Place,precision,0.529412,
pooled,entity,strict,Place,recall,0.75,
pooled,entity,strict,Place,f1,0.62069,
pooled,entity,strict,Place,tp,9,
pooled,entity,strict,Place,fp,8,
pooled,entity,strict,Place,fn,3,
pooled,entity,strict,Title,precision,0.0,
pooled,entity,strict,Title,recall,0.0,
pooled,entity,strict,Title,f1,0.0,
pooled,entity,strict,Title,tp,0,
pooled,entity,strict,Title,fp,1,
pooled,entity,strict,Title,fn,3,
pooled,entity,alias_aware,ALL,precision,0.5625,
pooled,entity,alias_aware,ALL,recall,0.586957,
pooled,entity,alias_aware,ALL,f1,0.574468,
pooled,entity,alias_aware,ALL,tp,27,
pooled,entity,alias_aware,ALL,fp,21,
pooled,entity,alias_aware,ALL,fn,19,
pooled,entity,alias_aware,Ability,precision,0.0,
pooled,entity,alias_aware,Ability,recall,0.0,
pooled,entity,alias_aware,Ability,f1,0.0,
pooled,entity,alias_aware,Ability,tp,0,
pooled,entity,alias_aware,Ability,fp,0,
pooled,entity,alias_aware,Ability,fn,1,
pooled,entity,alias_aware,Character,precision,0.761905,
pooled,entity,alias_aware,Character,recall,0.888889,
pooled,entity,alias_aware,Character,f1,0.820513,
pooled,entity,alias_aware,Character,tp,16,
pooled,entity,alias_aware,Character,fp,5,
pooled,entity,alias_aware,Character,fn,2,
pooled,entity,alias_aware,Concept,precision,0.0,
pooled,entity,alias_aware,Concept,recall,0.0,
pooled,entity,alias_aware,Concept,f1,0.0,
pooled,entity,alias_aware,Concept,tp,0,
pooled,entity,alias_aware,Concept,fp,3,
pooled,entity,alias_aware,Concept,fn,3,
pooled,entity,alias_aware,Event,precision,0.0,
pooled,entity,alias_aware,Event,recall,0.0,
pooled,entity,alias_aware,Event,f1,0.0,
pooled,entity,alias_aware,Event,tp,0,
pooled,entity,alias_aware,Event,fp,2,
pooled,entity,alias_aware,Event,fn,1,
pooled,entity,alias_aware,Item,precision,0.0,
pooled,entity,alias_aware,Item,recall,0.0,
pooled,entity,alias_aware,Item,f1,0.0,
pooled,entity,alias_aware,Item,tp,0,
pooled,entity,alias_aware,Item,fp,1,
pooled,entity,alias_aware,Item,fn,1,
pooled,entity,alias_aware,Organization,precision,0.666667,
pooled,entity,alias_aware,Organization,recall,0.285714,
pooled,entity,alias_aware,Organization,f1,0.4,
pooled,entity,alias_aware,Organization,tp,2,
pooled,entity,alias_aware,Organization,fp,1,
pooled,entity,alias_aware,Organization,fn,5,
pooled,entity,alias_aware,Place,precision,0.529412,
pooled,entity,alias_aware,Place,recall,0.75,
pooled,entity,alias_aware,Place,f1,0.62069,
pooled,entity,alias_aware,Place,tp,9,
pooled,entity,alias_aware,Place,fp,8,
pooled,entity,alias_aware,Place,fn,3,
pooled,entity,alias_aware,Title,precision,0.0,
pooled,entity,alias_aware,Title,recall,0.0,
pooled,entity,alias_aware,Title,f1,0.0,
pooled,entity,alias_aware,Title,tp,0,
pooled,entity,alias_aware,Title,fp,1,
pooled,entity,alias_aware,Title,fn,3,
9,alias_under_merge,,captain + drask,detail,reference groups both under 'Orin Drask'; v1 keeps 'Captain' and 'Drask' apart,
9,alias_under_merge,,captain + orin drask,detail,reference groups both under 'Orin Drask'; v1 keeps 'Captain' and 'Drask' apart,
9,alias,,pairwise,precision,1.0,
9,alias,,pairwise,recall,0.333333,
9,alias,,pairwise,f1,0.5,
9,alias,,pairwise,tp,1,
9,alias,,pairwise,fp,0,
9,alias,,pairwise,fn,2,
9,alias,,pairwise,tn,133,
9,alias,,pairwise,over_merges,0,
9,alias,,pairwise,under_merges,2,
9,alias,,pairwise,shared_surface_strings,17,
17,alias_under_merge,,scribe + sorrel,detail,reference groups both under 'Sorrel'; v1 keeps 'scribe' and 'Sorrel' apart,
17,alias,,pairwise,precision,1.0,
17,alias,,pairwise,recall,0.5,
17,alias,,pairwise,f1,0.666667,
17,alias,,pairwise,tp,1,
17,alias,,pairwise,fp,0,
17,alias,,pairwise,fn,1,
17,alias,,pairwise,tn,89,
17,alias,,pairwise,over_merges,0,
17,alias,,pairwise,under_merges,1,
17,alias,,pairwise,shared_surface_strings,14,
37,alias,,pairwise,precision,1.0,
37,alias,,pairwise,recall,1.0,
37,alias,,pairwise,f1,1.0,
37,alias,,pairwise,tp,1,
37,alias,,pairwise,fp,0,
37,alias,,pairwise,fn,0,
37,alias,,pairwise,tn,35,
37,alias,,pairwise,over_merges,0,
37,alias,,pairwise,under_merges,0,
37,alias,,pairwise,shared_surface_strings,9,
pooled,alias,,pairwise,precision,1.0,
pooled,alias,,pairwise,recall,0.5,
pooled,alias,,pairwise,f1,0.666667,
pooled,alias,,pairwise,tp,3,
pooled,alias,,pairwise,fp,0,
pooled,alias,,pairwise,fn,3,
9,relation,chapter_local,ALL,micro_precision_matchable_only,0.037736,
9,relation,chapter_local,ALL,micro_recall_matchable_only,0.8,
9,relation,chapter_local,ALL,micro_f1_matchable_only,0.072072,
9,relation,chapter_local,ALL,fn_matchable_only,1,
9,relation,chapter_local,HasAbility,precision,0.0,
9,relation,chapter_local,HasAbility,recall,0.0,
9,relation,chapter_local,HasAbility,f1,0.0,
9,relation,chapter_local,HasAbility,tp,0,
9,relation,chapter_local,HasAbility,fp,0,
9,relation,chapter_local,HasAbility,fn,1,
9,relation,chapter_local,HasTitle,precision,0.0,
9,relation,chapter_local,HasTitle,recall,0.0,
9,relation,chapter_local,HasTitle,f1,0.0,
9,relation,chapter_local,HasTitle,tp,0,
9,relation,chapter_local,HasTitle,fp,5,
9,relation,chapter_local,HasTitle,fn,1,
9,relation,chapter_local,LeaderOf,precision,0.0,
9,relation,chapter_local,LeaderOf,recall,0.0,
9,relation,chapter_local,LeaderOf,f1,0.0,
9,relation,chapter_local,LeaderOf,tp,0,
9,relation,chapter_local,LeaderOf,fp,0,
9,relation,chapter_local,LeaderOf,fn,1,
9,relation,chapter_local,LocatedIn,precision,0.111111,
9,relation,chapter_local,LocatedIn,recall,0.666667,
9,relation,chapter_local,LocatedIn,f1,0.190476,
9,relation,chapter_local,LocatedIn,tp,4,
9,relation,chapter_local,LocatedIn,fp,32,
9,relation,chapter_local,LocatedIn,fn,2,
9,relation,chapter_local,MemberOf,precision,0.0,
9,relation,chapter_local,MemberOf,recall,0.0,
9,relation,chapter_local,MemberOf,f1,0.0,
9,relation,chapter_local,MemberOf,tp,0,
9,relation,chapter_local,MemberOf,fp,0,
9,relation,chapter_local,MemberOf,fn,5,
9,relation,chapter_local,ParticipatedIn,precision,0.0,
9,relation,chapter_local,ParticipatedIn,recall,0.0,
9,relation,chapter_local,ParticipatedIn,f1,0.0,
9,relation,chapter_local,ParticipatedIn,tp,0,
9,relation,chapter_local,ParticipatedIn,fp,4,
9,relation,chapter_local,ParticipatedIn,fn,0,
9,relation,chapter_local,RelatedTo,precision,0.0,
9,relation,chapter_local,RelatedTo,recall,0.0,
9,relation,chapter_local,RelatedTo,f1,0.0,
9,relation,chapter_local,RelatedTo,tp,0,
9,relation,chapter_local,RelatedTo,fp,60,
9,relation,chapter_local,RelatedTo,fn,5,
9,relation,chapter_local,Respects,precision,0.0,
9,relation,chapter_local,Respects,recall,0.0,
9,relation,chapter_local,Respects,f1,0.0,
9,relation,chapter_local,Respects,tp,0,
9,relation,chapter_local,Respects,fp,1,
9,relation,chapter_local,Respects,fn,1,
9,relation,chapter_local,Serves,precision,0.0,
9,relation,chapter_local,Serves,recall,0.0,
9,relation,chapter_local,Serves,f1,0.0,
9,relation,chapter_local,Serves,tp,0,
9,relation,chapter_local,Serves,fp,0,
9,relation,chapter_local,Serves,fn,1,
9,relation,chapter_local,ALL,macro_f1,0.021164,over 9 relation types
9,relation,chapter_local,ALL,micro_precision,0.037736,
9,relation,chapter_local,ALL,micro_recall,0.190476,
9,relation,chapter_local,ALL,micro_f1,0.062992,
9,relation,chapter_local,ALL,tp,4,
9,relation,chapter_local,ALL,fp,102,
9,relation,chapter_local,ALL,fn,17,
9,relation_tier,chapter_local,tier1,precision,0.038095,
9,relation_tier,chapter_local,tier1,recall,0.210526,
9,relation_tier,chapter_local,tier1,f1,0.064516,
9,relation_tier,chapter_local,tier1,tp,4,
9,relation_tier,chapter_local,tier1,fp,101,
9,relation_tier,chapter_local,tier1,fn,15,
9,relation_tier,chapter_local,tier2,precision,0.0,
9,relation_tier,chapter_local,tier2,recall,0.0,
9,relation_tier,chapter_local,tier2,f1,0.0,
9,relation_tier,chapter_local,tier2,tp,0,
9,relation_tier,chapter_local,tier2,fp,1,
9,relation_tier,chapter_local,tier2,fn,2,
9,relation_unmatchable,chapter_local,Orin Drask -LeaderOf-> Salt Quarter watch [source 'Orin Drask' and target 'Salt Quarter watch' not found by v1],reason,endpoint not found by v1,
9,relation_unmatchable,chapter_local,Orin Drask -HasTitle-> Warden-Captain [source 'Orin Drask' and target 'Warden-Captain' not found by v1],reason,endpoint not found by v1,
9,relation_unmatchable,chapter_local,Casimir Lowe -MemberOf-> Salt Quarter watch [target 'Salt Quarter watch' not found by v1],reason,endpoint not found by v1,
9,relation_unmatchable,chapter_local,Ettie Marsh -MemberOf-> Salt Quarter watch [target 'Salt Quarter watch' not found by v1],reason,endpoint not found by v1,
9,relation_unmatchable,chapter_local,Pryn Voss -MemberOf-> Salt Quarter watch [target 'Salt Quarter watch' not found by v1],reason,endpoint not found by v1,
9,relation_unmatchable,chapter_local,Juno Stray -MemberOf-> Salt Quarter watch [target 'Salt Quarter watch' not found by v1],reason,endpoint not found by v1,
9,relation_unmatchable,chapter_local,Salt Quarter watch -LocatedIn-> Salt Quarter [source 'Salt Quarter watch' not found by v1],reason,endpoint not found by v1,
9,relation_unmatchable,chapter_local,"Undercroft -RelatedTo-> Undercroft's hidden door [target ""Undercroft's hidden door"" not found by v1]",reason,endpoint not found by v1,
9,relation_unmatchable,chapter_local,"Undercroft's hidden door -RelatedTo-> fishmonger's stall [source ""Undercroft's hidden door"" and target ""fishmonger's stall"" not found by v1]",reason,endpoint not found by v1,
9,relation_unmatchable,chapter_local,"Juno Stray -RelatedTo-> Undercroft's hidden door [target ""Undercroft's hidden door"" not found by v1]",reason,endpoint not found by v1,
9,relation_unmatchable,chapter_local,"Juno Stray -HasAbility-> Warden's Discipline [target ""Warden's Discipline"" not found by v1]",reason,endpoint not found by v1,
9,relation_unmatchable,chapter_local,Orin Drask -Respects-> Juno Stray [source 'Orin Drask' not found by v1],reason,endpoint not found by v1,
9,relation_unmatchable,chapter_local,Hask -MemberOf-> House Vell [target 'House Vell' not found by v1],reason,endpoint not found by v1,
9,relation_unmatchable,chapter_local,Hask -Serves-> House Vell [target 'House Vell' not found by v1],reason,endpoint not found by v1,
9,relation_unmatchable,chapter_local,Hask -RelatedTo-> Vell Hall [target 'Vell Hall' not found by v1],reason,endpoint not found by v1,
9,relation_unmatchable,chapter_local,Hask -RelatedTo-> Corwin Vell [target 'Corwin Vell' not found by v1],reason,endpoint not found by v1,
9,relation_false_negative,chapter_local,Juno Stray -LocatedIn-> Bone Market,detail,,
9,relation_false_negative,chapter_local,Orin Drask -LeaderOf-> Salt Quarter watch [unmatchable: endpoint not found by v1],detail,,
9,relation_false_negative,chapter_local,Orin Drask -HasTitle-> Warden-Captain [unmatchable: endpoint not found by v1],detail,,
9,relation_false_negative,chapter_local,Casimir Lowe -MemberOf-> Salt Quarter watch [unmatchable: endpoint not found by v1],detail,,
9,relation_false_negative,chapter_local,Ettie Marsh -MemberOf-> Salt Quarter watch [unmatchable: endpoint not found by v1],detail,,
9,relation_false_negative,chapter_local,Pryn Voss -MemberOf-> Salt Quarter watch [unmatchable: endpoint not found by v1],detail,,
9,relation_false_negative,chapter_local,Juno Stray -MemberOf-> Salt Quarter watch [unmatchable: endpoint not found by v1],detail,,
9,relation_false_negative,chapter_local,Salt Quarter watch -LocatedIn-> Salt Quarter [unmatchable: endpoint not found by v1],detail,,
9,relation_false_negative,chapter_local,Undercroft -RelatedTo-> Undercroft's hidden door [unmatchable: endpoint not found by v1],detail,,
9,relation_false_negative,chapter_local,Undercroft's hidden door -RelatedTo-> fishmonger's stall [unmatchable: endpoint not found by v1],detail,,
9,relation_false_negative,chapter_local,Juno Stray -RelatedTo-> Undercroft's hidden door [unmatchable: endpoint not found by v1],detail,,
9,relation_false_negative,chapter_local,Juno Stray -HasAbility-> Warden's Discipline [unmatchable: endpoint not found by v1],detail,,
9,relation_false_negative,chapter_local,Orin Drask -Respects-> Juno Stray [unmatchable: endpoint not found by v1],detail,,
9,relation_false_negative,chapter_local,Hask -MemberOf-> House Vell [unmatchable: endpoint not found by v1],detail,,
9,relation_false_negative,chapter_local,Hask -Serves-> House Vell [unmatchable: endpoint not found by v1],detail,,
9,relation_false_negative,chapter_local,Hask -RelatedTo-> Vell Hall [unmatchable: endpoint not found by v1],detail,,
9,relation_false_negative,chapter_local,Hask -RelatedTo-> Corwin Vell [unmatchable: endpoint not found by v1],detail,,
9,relation_false_positive,chapter_local,Drask -LocatedIn-> Salt Quarter,detail,,
9,relation_false_positive,chapter_local,Drask -RelatedTo-> Casimir Lowe,detail,,
9,relation_false_positive,chapter_local,Drask -LocatedIn-> eastern docks,detail,,
9,relation_false_positive,chapter_local,Drask -RelatedTo-> Ettie Marsh,detail,,
9,relation_false_positive,chapter_local,Drask -LocatedIn-> market row,detail,,
9,relation_false_positive,chapter_local,Drask -RelatedTo-> Pryn Voss,detail,,
9,relation_false_positive,chapter_local,Casimir Lowe -LocatedIn-> Salt Quarter,detail,,
9,relation_false_positive,chapter_local,Salt Quarter -RelatedTo-> eastern docks,detail,,
9,relation_false_positive,chapter_local,Ettie Marsh -LocatedIn-> Salt Quarter,detail,,
9,relation_false_positive,chapter_local,Salt Quarter -RelatedTo-> market row,detail,,
9,relation_false_positive,chapter_local,Pryn Voss -LocatedIn-> Salt Quarter,detail,,
9,relation_false_positive,chapter_local,Ettie Marsh -RelatedTo-> Casimir Lowe,detail,,
9,relation_false_positive,chapter_local,Casimir Lowe -LocatedIn-> market row,detail,,
9,relation_false_positive,chapter_local,Pryn Voss -RelatedTo-> Casimir Lowe,detail,,
9,relation_false_positive,chapter_local,Juno Stray -RelatedTo-> Casimir Lowe,detail,,
9,relation_false_positive,chapter_local,Casimir Lowe -LocatedIn-> Bone Market,detail,,
9,relation_false_positive,chapter_local,Casimir Lowe -LocatedIn-> Undercroft,detail,,
9,relation_false_positive,chapter_local,Casimir Lowe -RelatedTo-> quiet,detail,,
9,relation_false_positive,chapter_local,Ettie Marsh -LocatedIn-> eastern docks,detail,,
9,relation_false_positive,chapter_local,eastern docks -RelatedTo-> market row,detail,,
9,relation_false_positive,chapter_local,Pryn Voss -LocatedIn-> eastern docks,detail,,
9,relation_false_positive,chapter_local,Juno Stray -LocatedIn-> eastern docks,detail,,
9,relation_false_positive,chapter_local,Bone Market -RelatedTo-> eastern docks,detail,,
9,relation_false_positive,chapter_local,Undercroft -RelatedTo-> eastern docks,detail,,
9,relation_false_positive,chapter_local,quiet -RelatedTo-> eastern docks,detail,,
9,relation_false_positive,chapter_local,Pryn Voss -RelatedTo-> Ettie Marsh,detail,,
9,relation_false_positive,chapter_local,Juno Stray -RelatedTo-> Ettie Marsh,detail,,
9,relation_false_positive,chapter_local,Ettie Marsh -LocatedIn-> Bone Market,detail,,
9,relation_false_positive,chapter_local,Ettie Marsh -LocatedIn-> Undercroft,detail,,
9,relation_false_positive,chapter_local,Ettie Marsh -RelatedTo-> quiet,detail,,
9,relation_false_positive,chapter_local,Pryn Voss -LocatedIn-> market row,detail,,
9,relation_false_positive,chapter_local,Juno Stray -LocatedIn-> market row,detail,,
9,relation_false_positive,chapter_local,Bone Market -RelatedTo-> market row,detail,,
9,relation_false_positive,chapter_local,Undercroft -RelatedTo-> market row,detail,,
9,relation_false_positive,chapter_local,quiet -RelatedTo-> market row,detail,,
9,relation_false_positive,chapter_local,Juno Stray -RelatedTo-> Pryn Voss,detail,,
9,relation_false_positive,chapter_local,Pryn Voss -LocatedIn-> Bone Market,detail,,
9,relation_false_positive,chapter_local,Pryn Voss -LocatedIn-> Undercroft,detail,,
9,relation_false_positive,chapter_local,Pryn Voss -RelatedTo-> quiet,detail,,
9,relation_false_positive,chapter_local,Juno Stray -LocatedIn-> Undercroft,detail,,
9,relation_false_positive,chapter_local,Juno Stray -RelatedTo-> quiet,detail,,
9,relation_false_positive,chapter_local,Juno Stray -RelatedTo-> Drask,detail,,
9,relation_false_positive,chapter_local,Juno Stray -HasTitle-> Captain,detail,,
9,relation_false_positive,chapter_local,Bone Market -RelatedTo-> quiet,detail,,
9,relation_false_positive,chapter_local,Drask -LocatedIn-> Bone Market,detail,,
9,relation_false_positive,chapter_local,Bone Market -RelatedTo-> Captain,detail,,
9,relation_false_positive,chapter_local,Undercroft -RelatedTo-> quiet,detail,,
9,relation_false_positive,chapter_local,Drask -LocatedIn-> Undercroft,detail,,
9,relation_false_positive,chapter_local,Undercroft -RelatedTo-> Captain,detail,,
9,relation_false_positive,chapter_local,Warden -LocatedIn-> Undercroft,detail,,
9,relation_false_positive,chapter_local,Drask -RelatedTo-> quiet,detail,,
9,relation_false_positive,chapter_local,Captain -RelatedTo-> quiet,detail,,
9,relation_false_positive,chapter_local,Warden -RelatedTo-> quiet,detail,,
9,relation_false_positive,chapter_local,Drask -HasTitle-> Captain,detail,,
9,relation_false_positive,chapter_local,Warden -RelatedTo-> Drask,detail,,
9,relation_false_positive,chapter_local,quiet -RelatedTo-> Discipline,detail,,
9,relation_false_positive,chapter_local,Warden -HasTitle-> Captain,detail,,
9,relation_false_positive,chapter_local,Captain -RelatedTo-> Discipline,detail,,
9,relation_false_positive,chapter_local,Juno Stray -RelatedTo-> Discipline,detail,,
9,relation_false_positive,chapter_local,Warden -RelatedTo-> Discipline,detail,,
9,relation_false_positive,chapter_local,Warden -LocatedIn-> Across the Quarter,detail,,
9,relation_false_positive,chapter_local,Warden -RelatedTo-> Hask,detail,,
9,relation_false_positive,chapter_local,Warden -LocatedIn-> House Vell,detail,,
9,relation_false_positive,chapter_local,Warden -LocatedIn-> gilded rooms,detail,,
9,relation_false_positive,chapter_local,Warden -RelatedTo-> trader,detail,,
9,relation_false_positive,chapter_local,Across the Quarter -RelatedTo-> Discipline,detail,,
9,relation_false_positive,chapter_local,Bone Market -RelatedTo-> Discipline,detail,,
9,relation_false_positive,chapter_local,Hask -RelatedTo-> Discipline,detail,,
9,relation_false_positive,chapter_local,House Vell -RelatedTo-> Discipline,detail,,
9,relation_false_positive,chapter_local,gilded rooms -RelatedTo-> Discipline,detail,,
9,relation_false_positive,chapter_local,trader -RelatedTo-> Discipline,detail,,
9,relation_false_positive,chapter_local,Captain -RelatedTo-> Across the Quarter,detail,,
9,relation_false_positive,chapter_local,Hask -HasTitle-> Captain,detail,,
9,relation_false_positive,chapter_local,House Vell -RelatedTo-> Captain,detail,,
9,relation_false_positive,chapter_local,Captain -RelatedTo-> gilded rooms,detail,,
9,relation_false_positive,chapter_local,trader -HasTitle-> Captain,detail,,
9,relation_false_positive,chapter_local,Bone Market -RelatedTo-> Across the Quarter,detail,,
9,relation_false_positive,chapter_local,quiet -RelatedTo-> Across the Quarter,detail,,
9,relation_false_positive,chapter_local,Hask -LocatedIn-> Across the Quarter,detail,,
9,relation_false_positive,chapter_local,House Vell -RelatedTo-> Across the Quarter,detail,,
9,relation_false_positive,chapter_local,Across the Quarter -RelatedTo-> gilded rooms,detail,,
9,relation_false_positive,chapter_local,trader -LocatedIn-> Across the Quarter,detail,,
9,relation_false_positive,chapter_local,Bone Market -RelatedTo-> House Vell,detail,,
9,relation_false_positive,chapter_local,Bone Market -RelatedTo-> gilded rooms,detail,,
9,relation_false_positive,chapter_local,Hask -RelatedTo-> quiet,detail,,
9,relation_false_positive,chapter_local,House Vell -RelatedTo-> quiet,detail,,
9,relation_false_positive,chapter_local,quiet -RelatedTo-> gilded rooms,detail,,
9,relation_false_positive,chapter_local,quiet -RelatedTo-> trader,detail,,
9,relation_false_positive,chapter_local,Hask -LocatedIn-> House Vell,detail,,
9,relation_false_positive,chapter_local,Hask -LocatedIn-> gilded rooms,detail,,
9,relation_false_positive,chapter_local,Hask -RelatedTo-> trader,detail,,
9,relation_false_positive,chapter_local,House Vell -RelatedTo-> gilded rooms,detail,,
9,relation_false_positive,chapter_local,trader -LocatedIn-> House Vell,detail,,
9,relation_false_positive,chapter_local,trader -LocatedIn-> gilded rooms,detail,,
9,relation_false_positive,chapter_local,Corwin -LocatedIn-> House Vell,detail,,
9,relation_false_positive,chapter_local,House Vell -ParticipatedIn-> intended outcome,detail,,
9,relation_false_positive,chapter_local,Corwin -RelatedTo-> trader,detail,,
9,relation_false_positive,chapter_local,trader -ParticipatedIn-> intended outcome,detail,,
9,relation_false_positive,chapter_local,Corwin -RelatedTo-> Hask,detail,,
9,relation_false_positive,chapter_local,Hask -ParticipatedIn-> intended outcome,detail,,
9,relation_false_positive,chapter_local,Corwin -ParticipatedIn-> intended outcome,detail,,
9,relation_false_positive,chapter_local,Drask -Respects-> Juno Stray,detail,,
17,relation,chapter_local,ALL,micro_precision_matchable_only,0.023256,
17,relation,chapter_local,ALL,micro_recall_matchable_only,0.166667,
17,relation,chapter_local,ALL,micro_f1_matchable_only,0.040816,
17,relation,chapter_local,ALL,fn_matchable_only,5,
17,relation,chapter_local,AffiliatedWith,precision,0.0,
17,relation,chapter_local,AffiliatedWith,recall,0.0,
17,relation,chapter_local,AffiliatedWith,f1,0.0,
17,relation,chapter_local,AffiliatedWith,tp,0,
17,relation,chapter_local,AffiliatedWith,fp,0,
17,relation,chapter_local,AffiliatedWith,fn,1,
17,relation,chapter_local,Fears,precision,0.0,
17,relation,chapter_local,Fears,recall,0.0,
17,relation,chapter_local,Fears,f1,0.0,
17,relation,chapter_local,Fears,tp,0,
17,relation,chapter_local,Fears,fp,0,
17,relation,chapter_local,Fears,fn,1,
17,relation,chapter_local,HasTitle,precision,0.0,
17,relation,chapter_local,HasTitle,recall,0.0,
17,relation,chapter_local,HasTitle,f1,0.0,
17,relation,chapter_local,HasTitle,tp,0,
17,relation,chapter_local,HasTitle,fp,0,
17,relation,chapter_local,HasTitle,fn,1,
17,relation,chapter_local,LeaderOf,precision,0.0,
17,relation,chapter_local,LeaderOf,recall,0.0,
17,relation,chapter_local,LeaderOf,f1,0.0,
17,relation,chapter_local,LeaderOf,tp,0,
17,relation,chapter_local,LeaderOf,fp,3,
17,relation,chapter_local,LeaderOf,fn,0,
17,relation,chapter_local,LocatedIn,precision,0.0,
17,relation,chapter_local,LocatedIn,recall,0.0,
17,relation,chapter_local,LocatedIn,f1,0.0,
17,relation,chapter_local,LocatedIn,tp,0,
17,relation,chapter_local,LocatedIn,fp,19,
17,relation,chapter_local,LocatedIn,fn,2,
17,relation,chapter_local,MemberOf,precision,0.0,
17,relation,chapter_local,MemberOf,recall,0.0,
17,relation,chapter_local,MemberOf,f1,0.0,
17,relation,chapter_local,MemberOf,tp,0,
17,relation,chapter_local,MemberOf,fp,2,
17,relation,chapter_local,MemberOf,fn,3,
17,relation,chapter_local,OwnsItem,precision,0.0,
17,relation,chapter_local,OwnsItem,recall,0.0,
17,relation,chapter_local,OwnsItem,f1,0.0,
17,relation,chapter_local,OwnsItem,tp,0,
17,relation,chapter_local,OwnsItem,fp,3,
17,relation,chapter_local,OwnsItem,fn,0,
17,relation,chapter_local,ParticipatedIn,precision,0.0,
17,relation,chapter_local,ParticipatedIn,recall,0.0,
17,relation,chapter_local,ParticipatedIn,f1,0.0,
17,relation,chapter_local,ParticipatedIn,tp,0,
17,relation,chapter_local,ParticipatedIn,fp,0,
17,relation,chapter_local,ParticipatedIn,fn,3,
17,relation,chapter_local,RelatedTo,precision,0.0625,
17,relation,chapter_local,RelatedTo,recall,0.2,
17,relation,chapter_local,RelatedTo,f1,0.095238,
17,relation,chapter_local,RelatedTo,tp,1,
17,relation,chapter_local,RelatedTo,fp,15,
17,relation,chapter_local,RelatedTo,fn,4,
17,relation,chapter_local,Respects,precision,0.0,
17,relation,chapter_local,Respects,recall,0.0,
17,relation,chapter_local,Respects,f1,0.0,
17,relation,chapter_local,Respects,tp,0,
17,relation,chapter_local,Respects,fp,0,
17,relation,chapter_local,Respects,fn,1,
17,relation,chapter_local,Sibling,precision,0.0,
17,relation,chapter_local,Sibling,recall,0.0,
17,relation,chapter_local,Sibling,f1,0.0,
17,relation,chapter_local,Sibling,tp,0,
17,relation,chapter_local,Sibling,fp,0,
17,relation,chapter_local,Sibling,fn,1,
17,relation,chapter_local,ALL,macro_f1,0.008658,over 11 relation types
17,relation,chapter_local,ALL,micro_precision,0.023256,
17,relation,chapter_local,ALL,micro_recall,0.055556,
17,relation,chapter_local,ALL,micro_f1,0.032787,
17,relation,chapter_local,ALL,tp,1,
17,relation,chapter_local,ALL,fp,42,
17,relation,chapter_local,ALL,fn,17,
17,relation_tier,chapter_local,tier1,precision,0.023256,
17,relation_tier,chapter_local,tier1,recall,0.066667,
17,relation_tier,chapter_local,tier1,f1,0.034483,
17,relation_tier,chapter_local,tier1,tp,1,
17,relation_tier,chapter_local,tier1,fp,42,
17,relation_tier,chapter_local,tier1,fn,14,
17,relation_tier,chapter_local,tier2,precision,0.0,
17,relation_tier,chapter_local,tier2,recall,0.0,
17,relation_tier,chapter_local,tier2,f1,0.0,
17,relation_tier,chapter_local,tier2,tp,0,
17,relation_tier,chapter_local,tier2,fp,0,
17,relation_tier,chapter_local,tier2,fn,3,
17,relation_unmatchable,chapter_local,House Vell -ParticipatedIn-> Vell Masque [source 'House Vell' and target 'Vell Masque' not found by v1],reason,endpoint not found by v1,
17,relation_unmatchable,chapter_local,Vell Masque -LocatedIn-> Aldenreach [source 'Vell Masque' not found by v1],reason,endpoint not found by v1,
17,relation_unmatchable,chapter_local,Lord Fennick Oswald -MemberOf-> House Oswald [target 'House Oswald' not found by v1],reason,endpoint not found by v1,
17,relation_unmatchable,chapter_local,Brenna Oswald -MemberOf-> House Oswald [target 'House Oswald' not found by v1],reason,endpoint not found by v1,
17,relation_unmatchable,chapter_local,House Oswald -MemberOf-> Council [source 'House Oswald' not found by v1],reason,endpoint not found by v1,
17,relation_unmatchable,chapter_local,House Vell -AffiliatedWith-> House Ashcombe [source 'House Vell' and target 'House Ashcombe' not found by v1],reason,endpoint not found by v1,
17,relation_unmatchable,chapter_local,Brenna Oswald -ParticipatedIn-> Vell Masque [target 'Vell Masque' not found by v1],reason,endpoint not found by v1,
17,relation_unmatchable,chapter_local,Lord Fennick Oswald -ParticipatedIn-> Vell Masque [target 'Vell Masque' not found by v1],reason,endpoint not found by v1,
17,relation_unmatchable,chapter_local,Sorrel -LocatedIn-> Chancery [target 'Chancery' not found by v1],reason,endpoint not found by v1,
17,relation_unmatchable,chapter_local,Sorrel -HasTitle-> Scribe [target 'Scribe' not found by v1],reason,endpoint not found by v1,
17,relation_unmatchable,chapter_local,House Vell -RelatedTo-> House Oswald [source 'House Vell' and target 'House Oswald' not found by v1],reason,endpoint not found by v1,
17,relation_unmatchable,chapter_local,Brenna Oswald -RelatedTo-> House Vell [target 'House Vell' not found by v1],reason,endpoint not found by v1,
17,relation_false_negative,chapter_local,Lord Fennick Oswald -Sibling-> Brenna Oswald,detail,,
17,relation_false_negative,chapter_local,Brenna Oswald -RelatedTo-> Corwin,detail,,
17,relation_false_negative,chapter_local,Brenna Oswald -Respects-> Corwin,detail,,
17,relation_false_negative,chapter_local,Lord Fennick Oswald -Fears-> Corwin,detail,,
17,relation_false_negative,chapter_local,Lord Fennick Oswald -RelatedTo-> Brenna Oswald,detail,,
17,relation_false_negative,chapter_local,House Vell -ParticipatedIn-> Vell Masque [unmatchable: endpoint not found by v1],detail,,
17,relation_false_negative,chapter_local,Vell Masque -LocatedIn-> Aldenreach [unmatchable: endpoint not found by v1],detail,,
17,relation_false_negative,chapter_local,Lord Fennick Oswald -MemberOf-> House Oswald [unmatchable: endpoint not found by v1],detail,,
17,relation_false_negative,chapter_local,Brenna Oswald -MemberOf-> House Oswald [unmatchable: endpoint not found by v1],detail,,
17,relation_false_negative,chapter_local,House Oswald -MemberOf-> Council [unmatchable: endpoint not found by v1],detail,,
17,relation_false_negative,chapter_local,House Vell -AffiliatedWith-> House Ashcombe [unmatchable: endpoint not found by v1],detail,,
17,relation_false_negative,chapter_local,Brenna Oswald -ParticipatedIn-> Vell Masque [unmatchable: endpoint not found by v1],detail,,
17,relation_false_negative,chapter_local,Lord Fennick Oswald -ParticipatedIn-> Vell Masque [unmatchable: endpoint not found by v1],detail,,
17,relation_false_negative,chapter_local,Sorrel -LocatedIn-> Chancery [unmatchable: endpoint not found by v1],detail,,
17,relation_false_negative,chapter_local,Sorrel -HasTitle-> Scribe [unmatchable: endpoint not found by v1],detail,,
17,relation_false_negative,chapter_local,House Vell -RelatedTo-> House Oswald [unmatchable: endpoint not found by v1],detail,,
17,relation_false_negative,chapter_local,Brenna Oswald -RelatedTo-> House Vell [unmatchable: endpoint not found by v1],detail,,
17,relation_false_positive,chapter_local,Meraude -LocatedIn-> House Vell,detail,,
17,relation_false_positive,chapter_local,Aldenreach -RelatedTo-> House Vell,detail,,
17,relation_false_positive,chapter_local,Lord Fennick Oswald -LocatedIn-> House Vell,detail,,
17,relation_false_positive,chapter_local,Meraude -LocatedIn-> Aldenreach,detail,,
17,relation_false_positive,chapter_local,Lord Fennick Oswald -LocatedIn-> Aldenreach,detail,,
17,relation_false_positive,chapter_local,Tobin -LocatedIn-> Aldenreach,detail,,
17,relation_false_positive,chapter_local,Lord Fennick Oswald -RelatedTo-> Tobin,detail,,
17,relation_false_positive,chapter_local,Ione -RelatedTo-> Lord Fennick Oswald,detail,,
17,relation_false_positive,chapter_local,Lord Fennick Oswald -LocatedIn-> House Oswald,detail,,
17,relation_false_positive,chapter_local,Lord Fennick Oswald -LeaderOf-> Council,detail,,
17,relation_false_positive,chapter_local,Brenna Oswald -RelatedTo-> Tobin,detail,,
17,relation_false_positive,chapter_local,Tobin -LocatedIn-> House Oswald,detail,,
17,relation_false_positive,chapter_local,Tobin -MemberOf-> Council,detail,,
17,relation_false_positive,chapter_local,Tobin -LocatedIn-> House Ashcombe,detail,,
17,relation_false_positive,chapter_local,Ione -RelatedTo-> Brenna Oswald,detail,,
17,relation_false_positive,chapter_local,Ione -LocatedIn-> House Oswald,detail,,
17,relation_false_positive,chapter_local,Ione -LocatedIn-> House Ashcombe,detail,,
17,relation_false_positive,chapter_local,Brenna Oswald -LocatedIn-> House Oswald,detail,,
17,relation_false_positive,chapter_local,Brenna Oswald -MemberOf-> Council,detail,,
17,relation_false_positive,chapter_local,Brenna Oswald -LocatedIn-> House Ashcombe,detail,,
17,relation_false_positive,chapter_local,Council -LocatedIn-> House Oswald,detail,,
17,relation_false_positive,chapter_local,House Ashcombe -RelatedTo-> House Oswald,detail,,
17,relation_false_positive,chapter_local,Corwin -LeaderOf-> Council,detail,,
17,relation_false_positive,chapter_local,Corwin -LocatedIn-> House Ashcombe,detail,,
17,relation_false_positive,chapter_local,House Ashcombe -RelatedTo-> ambition,detail,,
17,relation_false_positive,chapter_local,Corwin -RelatedTo-> ambition,detail,,
17,relation_false_positive,chapter_local,Corwin -LocatedIn-> gilded rooms,detail,,
17,relation_false_positive,chapter_local,Lord Fennick Oswald -RelatedTo-> ambition,detail,,
17,relation_false_positive,chapter_local,gilded rooms -RelatedTo-> ambition,detail,,
17,relation_false_positive,chapter_local,Lord Fennick Oswald -LocatedIn-> gilded rooms,detail,,
17,relation_false_positive,chapter_local,Lord Fennick Oswald -LocatedIn-> Undercroft,detail,,
17,relation_false_positive,chapter_local,Corwin -LocatedIn-> Undercroft,detail,,
17,relation_false_positive,chapter_local,Corwin -OwnsItem-> invitation,detail,,
17,relation_false_positive,chapter_local,Undercroft -RelatedTo-> gilded rooms,detail,,
17,relation_false_positive,chapter_local,gilded rooms -RelatedTo-> invitation,detail,,
17,relation_false_positive,chapter_local,Undercroft -RelatedTo-> invitation,detail,,
17,relation_false_positive,chapter_local,Chancery -LocatedIn-> Undercroft,detail,,
17,relation_false_positive,chapter_local,Chancery -RelatedTo-> invitation,detail,,
17,relation_false_positive,chapter_local,Sorrel -OwnsItem-> invitation,detail,,
17,relation_false_positive,chapter_local,scribe -OwnsItem-> invitation,detail,,
17,relation_false_positive,chapter_local,scribe -LeaderOf-> Chancery,detail,,
17,relation_false_positive,chapter_local,Sorrel -RelatedTo-> scribe,detail,,
37,relation,chapter_local,ALL,micro_precision_matchable_only,0.0,
37,relation,chapter_local,ALL,micro_recall_matchable_only,0.0,
37,relation,chapter_local,ALL,micro_f1_matchable_only,0.0,
37,relation,chapter_local,ALL,fn_matchable_only,2,
37,relation,chapter_local,LocatedIn,precision,0.0,
37,relation,chapter_local,LocatedIn,recall,0.0,
37,relation,chapter_local,LocatedIn,f1,0.0,
37,relation,chapter_local,LocatedIn,tp,0,
37,relation,chapter_local,LocatedIn,fp,7,
37,relation,chapter_local,LocatedIn,fn,3,
37,relation,chapter_local,MemberOf,precision,0.0,
37,relation,chapter_local,MemberOf,recall,0.0,
37,relation,chapter_local,MemberOf,f1,0.0,
37,relation,chapter_local,MemberOf,tp,0,
37,relation,chapter_local,MemberOf,fp,0,
37,relation,chapter_local,MemberOf,fn,1,
37,relation,chapter_local,ParticipatedIn,precision,0.0,
37,relation,chapter_local,ParticipatedIn,recall,0.0,
37,relation,chapter_local,ParticipatedIn,f1,0.0,
37,relation,chapter_local,ParticipatedIn,tp,0,
37,relation,chapter_local,ParticipatedIn,fp,4,
37,relation,chapter_local,ParticipatedIn,fn,0,
37,relation,chapter_local,Protects,precision,0.0,
37,relation,chapter_local,Protects,recall,0.0,
37,relation,chapter_local,Protects,f1,0.0,
37,relation,chapter_local,Protects,tp,0,
37,relation,chapter_local,Protects,fp,0,
37,relation,chapter_local,Protects,fn,1,
37,relation,chapter_local,RelatedTo,precision,0.0,
37,relation,chapter_local,RelatedTo,recall,0.0,
37,relation,chapter_local,RelatedTo,f1,0.0,
37,relation,chapter_local,RelatedTo,tp,0,
37,relation,chapter_local,RelatedTo,fp,6,
37,relation,chapter_local,RelatedTo,fn,6,
37,relation,chapter_local,Respects,precision,0.0,
37,relation,chapter_local,Respects,recall,0.0,
37,relation,chapter_local,Respects,f1,0.0,
37,relation,chapter_local,Respects,tp,0,
37,relation,chapter_local,Respects,fp,0,
37,relation,chapter_local,Respects,fn,1,
37,relation,chapter_local,TRANSMIGRATED_INTO,precision,0.0,
37,relation,chapter_local,TRANSMIGRATED_INTO,recall,0.0,
37,relation,chapter_local,TRANSMIGRATED_INTO,f1,0.0,
37,relation,chapter_local,TRANSMIGRATED_INTO,tp,0,
37,relation,chapter_local,TRANSMIGRATED_INTO,fp,1,
37,relation,chapter_local,TRANSMIGRATED_INTO,fn,0,
37,relation,chapter_local,ALL,macro_f1,0.0,over 7 relation types
37,relation,chapter_local,ALL,micro_precision,0.0,
37,relation,chapter_local,ALL,micro_recall,0.0,
37,relation,chapter_local,ALL,micro_f1,0.0,
37,relation,chapter_local,ALL,tp,0,
37,relation,chapter_local,ALL,fp,18,
37,relation,chapter_local,ALL,fn,12,
37,relation_tier,chapter_local,tier1,precision,0.0,
37,relation_tier,chapter_local,tier1,recall,0.0,
37,relation_tier,chapter_local,tier1,f1,0.0,
37,relation_tier,chapter_local,tier1,tp,0,
37,relation_tier,chapter_local,tier1,fp,17,
37,relation_tier,chapter_local,tier1,fn,10,
37,relation_tier,chapter_local,tier2,precision,0.0,
37,relation_tier,chapter_local,tier2,recall,0.0,
37,relation_tier,chapter_local,tier2,f1,0.0,
37,relation_tier,chapter_local,tier2,tp,0,
37,relation_tier,chapter_local,tier2,fp,0,
37,relation_tier,chapter_local,tier2,fn,2,
37,relation_tier,chapter_local,tier3,precision,0.0,
37,relation_tier,chapter_local,tier3,recall,0.0,
37,relation_tier,chapter_local,tier3,f1,0.0,
37,relation_tier,chapter_local,tier3,tp,0,
37,relation_tier,chapter_local,tier3,fp,1,
37,relation_tier,chapter_local,tier3,fn,0,
37,relation_unmatchable,chapter_local,Mira Quell -LocatedIn-> Undercroft [source 'Mira Quell' not found by v1],reason,endpoint not found by v1,
37,relation_unmatchable,chapter_local,Mira Quell -MemberOf-> Choir [source 'Mira Quell' not found by v1],reason,endpoint not found by v1,
37,relation_unmatchable,chapter_local,Mira Quell -RelatedTo-> Thessaly [source 'Mira Quell' not found by v1],reason,endpoint not found by v1,
37,relation_unmatchable,chapter_local,Mira Quell -RelatedTo-> Sorrel [source 'Mira Quell' not found by v1],reason,endpoint not found by v1,
37,relation_unmatchable,chapter_local,Mira Quell -Respects-> Sorrel [source 'Mira Quell' not found by v1],reason,endpoint not found by v1,
37,relation_unmatchable,chapter_local,Sorrel -Protects-> Mira Quell [target 'Mira Quell' not found by v1],reason,endpoint not found by v1,
37,relation_unmatchable,chapter_local,Mira Quell -RelatedTo-> Thessaly [source 'Mira Quell' not found by v1],reason,endpoint not found by v1,
37,relation_unmatchable,chapter_local,Mira Quell -RelatedTo-> Wanderer [source 'Mira Quell' and target 'Wanderer' not found by v1],reason,endpoint not found by v1,
37,relation_unmatchable,chapter_local,Mira Quell -RelatedTo-> Thornmere [source 'Mira Quell' not found by v1],reason,endpoint not found by v1,
37,relation_unmatchable,chapter_local,Mira Quell -RelatedTo-> Choir initiate [source 'Mira Quell' and target 'Choir initiate' not found by v1],reason,endpoint not found by v1,
37,relation_false_negative,chapter_local,Choir -LocatedIn-> Undercroft,detail,,
37,relation_false_negative,chapter_local,Grey Road -LocatedIn-> Undercroft,detail,,
37,relation_false_negative,chapter_local,Mira Quell -LocatedIn-> Undercroft [unmatchable: endpoint not found by v1],detail,,
37,relation_false_negative,chapter_local,Mira Quell -MemberOf-> Choir [unmatchable: endpoint not found by v1],detail,,
37,relation_false_negative,chapter_local,Mira Quell -RelatedTo-> Thessaly [unmatchable: endpoint not found by v1],detail,,
37,relation_false_negative,chapter_local,Mira Quell -RelatedTo-> Sorrel [unmatchable: endpoint not found by v1],detail,,
37,relation_false_negative,chapter_local,Mira Quell -Respects-> Sorrel [unmatchable: endpoint not found by v1],detail,,
37,relation_false_negative,chapter_local,Sorrel -Protects-> Mira Quell [unmatchable: endpoint not found by v1],detail,,
37,relation_false_negative,chapter_local,Mira Quell -RelatedTo-> Thessaly [unmatchable: endpoint not found by v1],detail,,
37,relation_false_negative,chapter_local,Mira Quell -RelatedTo-> Wanderer [unmatchable: endpoint not found by v1],detail,,
37,relation_false_negative,chapter_local,Mira Quell -RelatedTo-> Thornmere [unmatchable: endpoint not found by v1],detail,,
37,relation_false_negative,chapter_local,Mira Quell -RelatedTo-> Choir initiate [unmatchable: endpoint not found by v1],detail,,
37,relation_false_positive,chapter_local,Mira -ParticipatedIn-> Undercroft collapse,detail,,
37,relation_false_positive,chapter_local,Thessaly -ParticipatedIn-> Undercroft collapse,detail,,
37,relation_false_positive,chapter_local,Choir -RelatedTo-> Undercroft collapse,detail,,
37,relation_false_positive,chapter_local,Sorrel -ParticipatedIn-> Undercroft collapse,detail,,
37,relation_false_positive,chapter_local,Grey Road -ParticipatedIn-> Undercroft collapse,detail,,
37,relation_false_positive,chapter_local,Thessaly -LocatedIn-> Grey Road,detail,,
37,relation_false_positive,chapter_local,Choir -LocatedIn-> Grey Road,detail,,
37,relation_false_positive,chapter_local,Sorrel -LocatedIn-> Grey Road,detail,,
37,relation_false_positive,chapter_local,Mira -LocatedIn-> Grey Road,detail,,
37,relation_false_positive,chapter_local,Undercroft -RelatedTo-> Grey Road,detail,,
37,relation_false_positive,chapter_local,Sorrel -RelatedTo-> Wanderer,detail,,
37,relation_false_positive,chapter_local,Mira -LocatedIn-> Thornmere,detail,,
37,relation_false_positive,chapter_local,Mira -RelatedTo-> Wanderer,detail,,
37,relation_false_positive,chapter_local,Thornmere -RelatedTo-> Grey Road,detail,,
37,relation_false_positive,chapter_local,Wanderer -LocatedIn-> Grey Road,detail,,
37,relation_false_positive,chapter_local,Wanderer -LocatedIn-> Thornmere,detail,,
37,relation_false_positive,chapter_local,Thessaly -RelatedTo-> Wanderer,detail,,
37,relation_false_positive,chapter_local,Mira -TRANSMIGRATED_INTO-> Wanderer,detail,,
pooled,relation,chapter_local,AffiliatedWith,precision,0.0,
pooled,relation,chapter_local,AffiliatedWith,recall,0.0,
pooled,relation,chapter_local,AffiliatedWith,f1,0.0,
pooled,relation,chapter_local,AffiliatedWith,tp,0,
pooled,relation,chapter_local,AffiliatedWith,fp,0,
pooled,relation,chapter_local,AffiliatedWith,fn,1,
pooled,relation,chapter_local,Fears,precision,0.0,
pooled,relation,chapter_local,Fears,recall,0.0,
pooled,relation,chapter_local,Fears,f1,0.0,
pooled,relation,chapter_local,Fears,tp,0,
pooled,relation,chapter_local,Fears,fp,0,
pooled,relation,chapter_local,Fears,fn,1,
pooled,relation,chapter_local,HasAbility,precision,0.0,
pooled,relation,chapter_local,HasAbility,recall,0.0,
pooled,relation,chapter_local,HasAbility,f1,0.0,
pooled,relation,chapter_local,HasAbility,tp,0,
pooled,relation,chapter_local,HasAbility,fp,0,
pooled,relation,chapter_local,HasAbility,fn,1,
pooled,relation,chapter_local,HasTitle,precision,0.0,
pooled,relation,chapter_local,HasTitle,recall,0.0,
pooled,relation,chapter_local,HasTitle,f1,0.0,
pooled,relation,chapter_local,HasTitle,tp,0,
pooled,relation,chapter_local,HasTitle,fp,5,
pooled,relation,chapter_local,HasTitle,fn,2,
pooled,relation,chapter_local,LeaderOf,precision,0.0,
pooled,relation,chapter_local,LeaderOf,recall,0.0,
pooled,relation,chapter_local,LeaderOf,f1,0.0,
pooled,relation,chapter_local,LeaderOf,tp,0,
pooled,relation,chapter_local,LeaderOf,fp,3,
pooled,relation,chapter_local,LeaderOf,fn,1,
pooled,relation,chapter_local,LocatedIn,precision,0.064516,
pooled,relation,chapter_local,LocatedIn,recall,0.363636,
pooled,relation,chapter_local,LocatedIn,f1,0.109589,
pooled,relation,chapter_local,LocatedIn,tp,4,
pooled,relation,chapter_local,LocatedIn,fp,58,
pooled,relation,chapter_local,LocatedIn,fn,7,
pooled,relation,chapter_local,MemberOf,precision,0.0,
pooled,relation,chapter_local,MemberOf,recall,0.0,
pooled,relation,chapter_local,MemberOf,f1,0.0,
pooled,relation,chapter_local,MemberOf,tp,0,
pooled,relation,chapter_local,MemberOf,fp,2,
pooled,relation,chapter_local,MemberOf,fn,9,
pooled,relation,chapter_local,OwnsItem,precision,0.0,
pooled,relation,chapter_local,OwnsItem,recall,0.0,
pooled,relation,chapter_local,OwnsItem,f1,0.0,
pooled,relation,chapter_local,OwnsItem,tp,0,
pooled,relation,chapter_local,OwnsItem,fp,3,
pooled,relation,chapter_local,OwnsItem,fn,0,
pooled,relation,chapter_local,ParticipatedIn,precision,0.0,
pooled,relation,chapter_local,ParticipatedIn,recall,0.0,
pooled,relation,chapter_local,ParticipatedIn,f1,0.0,
pooled,relation,chapter_local,ParticipatedIn,tp,0,
pooled,relation,chapter_local,ParticipatedIn,fp,8,
pooled,relation,chapter_local,ParticipatedIn,fn,3,
pooled,relation,chapter_local,Protects,precision,0.0,
pooled,relation,chapter_local,Protects,recall,0.0,
pooled,relation,chapter_local,Protects,f1,0.0,
pooled,relation,chapter_local,Protects,tp,0,
pooled,relation,chapter_local,Protects,fp,0,
pooled,relation,chapter_local,Protects,fn,1,
pooled,relation,chapter_local,RelatedTo,precision,0.012195,
pooled,relation,chapter_local,RelatedTo,recall,0.0625,
pooled,relation,chapter_local,RelatedTo,f1,0.020408,
pooled,relation,chapter_local,RelatedTo,tp,1,
pooled,relation,chapter_local,RelatedTo,fp,81,
pooled,relation,chapter_local,RelatedTo,fn,15,
pooled,relation,chapter_local,Respects,precision,0.0,
pooled,relation,chapter_local,Respects,recall,0.0,
pooled,relation,chapter_local,Respects,f1,0.0,
pooled,relation,chapter_local,Respects,tp,0,
pooled,relation,chapter_local,Respects,fp,1,
pooled,relation,chapter_local,Respects,fn,3,
pooled,relation,chapter_local,Serves,precision,0.0,
pooled,relation,chapter_local,Serves,recall,0.0,
pooled,relation,chapter_local,Serves,f1,0.0,
pooled,relation,chapter_local,Serves,tp,0,
pooled,relation,chapter_local,Serves,fp,0,
pooled,relation,chapter_local,Serves,fn,1,
pooled,relation,chapter_local,Sibling,precision,0.0,
pooled,relation,chapter_local,Sibling,recall,0.0,
pooled,relation,chapter_local,Sibling,f1,0.0,
pooled,relation,chapter_local,Sibling,tp,0,
pooled,relation,chapter_local,Sibling,fp,0,
pooled,relation,chapter_local,Sibling,fn,1,
pooled,relation,chapter_local,TRANSMIGRATED_INTO,precision,0.0,
pooled,relation,chapter_local,TRANSMIGRATED_INTO,recall,0.0,
pooled,relation,chapter_local,TRANSMIGRATED_INTO,f1,0.0,
pooled,relation,chapter_local,TRANSMIGRATED_INTO,tp,0,
pooled,relation,chapter_local,TRANSMIGRATED_INTO,fp,1,
pooled,relation,chapter_local,TRANSMIGRATED_INTO,fn,0,
pooled,relation_tier,chapter_local,tier1,precision,0.030303,
pooled,relation_tier,chapter_local,tier1,recall,0.113636,
pooled,relation_tier,chapter_local,tier1,f1,0.047847,
pooled,relation_tier,chapter_local,tier1,tp,5,
pooled,relation_tier,chapter_local,tier1,fp,160,
pooled,relation_tier,chapter_local,tier1,fn,39,
pooled,relation_tier,chapter_local,tier2,precision,0.0,
pooled,relation_tier,chapter_local,tier2,recall,0.0,
pooled,relation_tier,chapter_local,tier2,f1,0.0,
pooled,relation_tier,chapter_local,tier2,tp,0,
pooled,relation_tier,chapter_local,tier2,fp,1,
pooled,relation_tier,chapter_local,tier2,fn,7,
pooled,relation_tier,chapter_local,tier3,precision,0.0,
pooled,relation_tier,chapter_local,tier3,recall,0.0,
pooled,relation_tier,chapter_local,tier3,f1,0.0,
pooled,relation_tier,chapter_local,tier3,tp,0,
pooled,relation_tier,chapter_local,tier3,fp,1,
pooled,relation_tier,chapter_local,tier3,fn,0,
pooled,relation,chapter_local,ALL,micro_precision,0.02994,
pooled,relation,chapter_local,ALL,micro_recall,0.098039,
pooled,relation,chapter_local,ALL,micro_f1,0.045872,
pooled,relation,chapter_local,ALL,macro_f1,0.008666,
9,relation,cumulative,ALL,micro_precision_matchable_only,0.04065,
9,relation,cumulative,ALL,micro_recall_matchable_only,1.0,
9,relation,cumulative,ALL,micro_f1_matchable_only,0.078125,
9,relation,cumulative,ALL,fn_matchable_only,0,
9,relation,cumulative,HasAbility,precision,0.0,
9,relation,cumulative,HasAbility,recall,0.0,
9,relation,cumulative,HasAbility,f1,0.0,
9,relation,cumulative,HasAbility,tp,0,
9,relation,cumulative,HasAbility,fp,0,
9,relation,cumulative,HasAbility,fn,1,
9,relation,cumulative,HasTitle,precision,0.0,
9,relation,cumulative,HasTitle,recall,0.0,
9,relation,cumulative,HasTitle,f1,0.0,
9,relation,cumulative,HasTitle,tp,0,
9,relation,cumulative,HasTitle,fp,7,
9,relation,cumulative,HasTitle,fn,1,
9,relation,cumulative,LeaderOf,precision,0.0,
9,relation,cumulative,LeaderOf,recall,0.0,
9,relation,cumulative,LeaderOf,f1,0.0,
9,relation,cumulative,LeaderOf,tp,0,
9,relation,cumulative,LeaderOf,fp,0,
9,relation,cumulative,LeaderOf,fn,1,
9,relation,cumulative,LocatedIn,precision,0.108696,
9,relation,cumulative,LocatedIn,recall,0.833333,
9,relation,cumulative,LocatedIn,f1,0.192308,
9,relation,cumulative,LocatedIn,tp,5,
9,relation,cumulative,LocatedIn,fp,41,
9,relation,cumulative,LocatedIn,fn,1,
9,relation,cumulative,MemberOf,precision,0.0,
9,relation,cumulative,MemberOf,recall,0.0,
9,relation,cumulative,MemberOf,f1,0.0,
9,relation,cumulative,MemberOf,tp,0,
9,relation,cumulative,MemberOf,fp,0,
9,relation,cumulative,MemberOf,fn,5,
9,relation,cumulative,ParticipatedIn,precision,0.0,
9,relation,cumulative,ParticipatedIn,recall,0.0,
9,relation,cumulative,ParticipatedIn,f1,0.0,
9,relation,cumulative,ParticipatedIn,tp,0,
9,relation,cumulative,ParticipatedIn,fp,4,
9,relation,cumulative,ParticipatedIn,fn,0,
9,relation,cumulative,RelatedTo,precision,0.0,
9,relation,cumulative,RelatedTo,recall,0.0,
9,relation,cumulative,RelatedTo,f1,0.0,
9,relation,cumulative,RelatedTo,tp,0,
9,relation,cumulative,RelatedTo,fp,64,
9,relation,cumulative,RelatedTo,fn,5,
9,relation,cumulative,Respects,precision,0.0,
9,relation,cumulative,Respects,recall,0.0,
9,relation,cumulative,Respects,f1,0.0,
9,relation,cumulative,Respects,tp,0,
9,relation,cumulative,Respects,fp,1,
9,relation,cumulative,Respects,fn,1,
9,relation,cumulative,Serves,precision,0.0,
9,relation,cumulative,Serves,recall,0.0,
9,relation,cumulative,Serves,f1,0.0,
9,relation,cumulative,Serves,tp,0,
9,relation,cumulative,Serves,fp,1,
9,relation,cumulative,Serves,fn,1,
9,relation,cumulative,ALL,macro_f1,0.021368,over 9 relation types
9,relation,cumulative,ALL,micro_precision,0.04065,
9,relation,cumulative,ALL,micro_recall,0.238095,
9,relation,cumulative,ALL,micro_f1,0.069444,
9,relation,cumulative,ALL,tp,5,
9,relation,cumulative,ALL,fp,118,
9,relation,cumulative,ALL,fn,16,
9,relation_tier,cumulative,tier1,precision,0.041322,
9,relation_tier,cumulative,tier1,recall,0.263158,
9,relation_tier,cumulative,tier1,f1,0.071429,
9,relation_tier,cumulative,tier1,tp,5,
9,relation_tier,cumulative,tier1,fp,116,
9,relation_tier,cumulative,tier1,fn,14,
9,relation_tier,cumulative,tier2,precision,0.0,
9,relation_tier,cumulative,tier2,recall,0.0,
9,relation_tier,cumulative,tier2,f1,0.0,
9,relation_tier,cumulative,tier2,tp,0,
9,relation_tier,cumulative,tier2,fp,2,
9,relation_tier,cumulative,tier2,fn,2,
9,relation_unmatchable,cumulative,Orin Drask -LeaderOf-> Salt Quarter watch [source 'Orin Drask' and target 'Salt Quarter watch' not found by v1],reason,endpoint not found by v1,
9,relation_unmatchable,cumulative,Orin Drask -HasTitle-> Warden-Captain [source 'Orin Drask' and target 'Warden-Captain' not found by v1],reason,endpoint not found by v1,
9,relation_unmatchable,cumulative,Casimir Lowe -MemberOf-> Salt Quarter watch [target 'Salt Quarter watch' not found by v1],reason,endpoint not found by v1,
9,relation_unmatchable,cumulative,Ettie Marsh -MemberOf-> Salt Quarter watch [target 'Salt Quarter watch' not found by v1],reason,endpoint not found by v1,
9,relation_unmatchable,cumulative,Pryn Voss -MemberOf-> Salt Quarter watch [target 'Salt Quarter watch' not found by v1],reason,endpoint not found by v1,
9,relation_unmatchable,cumulative,Juno Stray -MemberOf-> Salt Quarter watch [target 'Salt Quarter watch' not found by v1],reason,endpoint not found by v1,
9,relation_unmatchable,cumulative,Salt Quarter watch -LocatedIn-> Salt Quarter [source 'Salt Quarter watch' not found by v1],reason,endpoint not found by v1,
9,relation_unmatchable,cumulative,"Undercroft -RelatedTo-> Undercroft's hidden door [target ""Undercroft's hidden door"" not found by v1]",reason,endpoint not found by v1,
9,relation_unmatchable,cumulative,"Undercroft's hidden door -RelatedTo-> fishmonger's stall [source ""Undercroft's hidden door"" and target ""fishmonger's stall"" not found by v1]",reason,endpoint not found by v1,
9,relation_unmatchable,cumulative,"Juno Stray -RelatedTo-> Undercroft's hidden door [target ""Undercroft's hidden door"" not found by v1]",reason,endpoint not found by v1,
9,relation_unmatchable,cumulative,"Juno Stray -HasAbility-> Warden's Discipline [target ""Warden's Discipline"" not found by v1]",reason,endpoint not found by v1,
9,relation_unmatchable,cumulative,Orin Drask -Respects-> Juno Stray [source 'Orin Drask' not found by v1],reason,endpoint not found by v1,
9,relation_unmatchable,cumulative,Hask -MemberOf-> House Vell [target 'House Vell' not found by v1],reason,endpoint not found by v1,
9,relation_unmatchable,cumulative,Hask -Serves-> House Vell [target 'House Vell' not found by v1],reason,endpoint not found by v1,
9,relation_unmatchable,cumulative,Hask -RelatedTo-> Vell Hall [target 'Vell Hall' not found by v1],reason,endpoint not found by v1,
9,relation_unmatchable,cumulative,Hask -RelatedTo-> Corwin Vell [target 'Corwin Vell' not found by v1],reason,endpoint not found by v1,
9,relation_false_negative,cumulative,Orin Drask -LeaderOf-> Salt Quarter watch [unmatchable: endpoint not found by v1],detail,,
9,relation_false_negative,cumulative,Orin Drask -HasTitle-> Warden-Captain [unmatchable: endpoint not found by v1],detail,,
9,relation_false_negative,cumulative,Casimir Lowe -MemberOf-> Salt Quarter watch [unmatchable: endpoint not found by v1],detail,,
9,relation_false_negative,cumulative,Ettie Marsh -MemberOf-> Salt Quarter watch [unmatchable: endpoint not found by v1],detail,,
9,relation_false_negative,cumulative,Pryn Voss -MemberOf-> Salt Quarter watch [unmatchable: endpoint not found by v1],detail,,
9,relation_false_negative,cumulative,Juno Stray -MemberOf-> Salt Quarter watch [unmatchable: endpoint not found by v1],detail,,
9,relation_false_negative,cumulative,Salt Quarter watch -LocatedIn-> Salt Quarter [unmatchable: endpoint not found by v1],detail,,
9,relation_false_negative,cumulative,Undercroft -RelatedTo-> Undercroft's hidden door [unmatchable: endpoint not found by v1],detail,,
9,relation_false_negative,cumulative,Undercroft's hidden door -RelatedTo-> fishmonger's stall [unmatchable: endpoint not found by v1],detail,,
9,relation_false_negative,cumulative,Juno Stray -RelatedTo-> Undercroft's hidden door [unmatchable: endpoint not found by v1],detail,,
9,relation_false_negative,cumulative,Juno Stray -HasAbility-> Warden's Discipline [unmatchable: endpoint not found by v1],detail,,
9,relation_false_negative,cumulative,Orin Drask -Respects-> Juno Stray [unmatchable: endpoint not found by v1],detail,,
9,relation_false_negative,cumulative,Hask -MemberOf-> House Vell [unmatchable: endpoint not found by v1],detail,,
9,relation_false_negative,cumulative,Hask -Serves-> House Vell [unmatchable: endpoint not found by v1],detail,,
9,relation_false_negative,cumulative,Hask -RelatedTo-> Vell Hall [unmatchable: endpoint not found by v1],detail,,
9,relation_false_negative,cumulative,Hask -RelatedTo-> Corwin Vell [unmatchable: endpoint not found by v1],detail,,
9,relation_false_positive,cumulative,Juno Stray -RelatedTo-> Warden,detail,,
9,relation_false_positive,cumulative,Warden -LocatedIn-> Bone Market,detail,,
9,relation_false_positive,cumulative,Undercroft -RelatedTo-> Bone Market,detail,,
9,relation_false_positive,cumulative,Drask -LocatedIn-> Salt Quarter,detail,,
9,relation_false_positive,cumulative,Drask -RelatedTo-> Casimir Lowe,detail,,
9,relation_false_positive,cumulative,Drask -LocatedIn-> eastern docks,detail,,
9,relation_false_positive,cumulative,Drask -RelatedTo-> Ettie Marsh,detail,,
9,relation_false_positive,cumulative,Drask -LocatedIn-> market row,detail,,
9,relation_false_positive,cumulative,Drask -RelatedTo-> Pryn Voss,detail,,
9,relation_false_positive,cumulative,Casimir Lowe -LocatedIn-> Salt Quarter,detail,,
9,relation_false_positive,cumulative,Salt Quarter -RelatedTo-> eastern docks,detail,,
9,relation_false_positive,cumulative,Ettie Marsh -LocatedIn-> Salt Quarter,detail,,
9,relation_false_positive,cumulative,Salt Quarter -RelatedTo-> market row,detail,,
9,relation_false_positive,cumulative,Pryn Voss -LocatedIn-> Salt Quarter,detail,,
9,relation_false_positive,cumulative,Ettie Marsh -RelatedTo-> Casimir Lowe,detail,,
9,relation_false_positive,cumulative,Casimir Lowe -LocatedIn-> market row,detail,,
9,relation_false_positive,cumulative,Pryn Voss -RelatedTo-> Casimir Lowe,detail,,
9,relation_false_positive,cumulative,Juno Stray -RelatedTo-> Casimir Lowe,detail,,
9,relation_false_positive,cumulative,Casimir Lowe -LocatedIn-> Bone Market,detail,,
9,relation_false_positive,cumulative,Casimir Lowe -LocatedIn-> Undercroft,detail,,
9,relation_false_positive,cumulative,Casimir Lowe -RelatedTo-> quiet,detail,,
9,relation_false_positive,cumulative,Ettie Marsh -LocatedIn-> eastern docks,detail,,
9,relation_false_positive,cumulative,eastern docks -RelatedTo-> market row,detail,,
9,relation_false_positive,cumulative,Pryn Voss -LocatedIn-> eastern docks,detail,,
9,relation_false_positive,cumulative,Juno Stray -LocatedIn-> eastern docks,detail,,
9,relation_false_positive,cumulative,Bone Market -RelatedTo-> eastern docks,detail,,
9,relation_false_positive,cumulative,Undercroft -RelatedTo-> eastern docks,detail,,
9,relation_false_positive,cumulative,quiet -RelatedTo-> eastern docks,detail,,
9,relation_false_positive,cumulative,Pryn Voss -RelatedTo-> Ettie Marsh,detail,,
9,relation_false_positive,cumulative,Juno Stray -RelatedTo-> Ettie Marsh,detail,,
9,relation_false_positive,cumulative,Ettie Marsh -LocatedIn-> Bone Market,detail,,
9,relation_false_positive,cumulative,Ettie Marsh -LocatedIn-> Undercroft,detail,,
9,relation_false_positive,cumulative,Ettie Marsh -RelatedTo-> quiet,detail,,
9,relation_false_positive,cumulative,Pryn Voss -LocatedIn-> market row,detail,,
9,relation_false_positive,cumulative,Juno Stray -LocatedIn-> market row,detail,,
9,relation_false_positive,cumulative,Bone Market -RelatedTo-> market row,detail,,
9,relation_false_positive,cumulative,Undercroft -RelatedTo-> market row,detail,,
9,relation_false_positive,cumulative,quiet -RelatedTo-> market row,detail,,
9,relation_false_positive,cumulative,Juno Stray -RelatedTo-> Pryn Voss,detail,,
9,relation_false_positive,cumulative,Pryn Voss -LocatedIn-> Bone Market,detail,,
9,relation_false_positive,cumulative,Pryn Voss -LocatedIn-> Undercroft,detail,,
9,relation_false_positive,cumulative,Pryn Voss -RelatedTo-> quiet,detail,,
9,relation_false_positive,cumulative,Juno Stray -LocatedIn-> Undercroft,detail,,
9,relation_false_positive,cumulative,Juno Stray -RelatedTo-> quiet,detail,,
9,relation_false_positive,cumulative,Juno Stray -RelatedTo-> Drask,detail,,
9,relation_false_positive,cumulative,Juno Stray -HasTitle-> Captain,detail,,
9,relation_false_positive,cumulative,Bone Market -RelatedTo-> quiet,detail,,
9,relation_false_positive,cumulative,Drask -LocatedIn-> Bone Market,detail,,
9,relation_false_positive,cumulative,Bone Market -RelatedTo-> Captain,detail,,
9,relation_false_positive,cumulative,Undercroft -RelatedTo-> quiet,detail,,
9,relation_false_positive,cumulative,Drask -LocatedIn-> Undercroft,detail,,
9,relation_false_positive,cumulative,Undercroft -RelatedTo-> Captain,detail,,
9,relation_false_positive,cumulative,Warden -LocatedIn-> Undercroft,detail,,
9,relation_false_positive,cumulative,Drask -RelatedTo-> quiet,detail,,
9,relation_false_positive,cumulative,Captain -RelatedTo-> quiet,detail,,
9,relation_false_positive,cumulative,Warden -RelatedTo-> quiet,detail,,
9,relation_false_positive,cumulative,Drask -HasTitle-> Captain,detail,,
9,relation_false_positive,cumulative,Warden -RelatedTo-> Drask,detail,,
9,relation_false_positive,cumulative,quiet -RelatedTo-> Discipline,detail,,
9,relation_false_positive,cumulative,Warden -HasTitle-> Captain,detail,,
9,relation_false_positive,cumulative,Captain -RelatedTo-> Discipline,detail,,
9,relation_false_positive,cumulative,Juno Stray -RelatedTo-> Discipline,detail,,
9,relation_false_positive,cumulative,Warden -RelatedTo-> Discipline,detail,,
9,relation_false_positive,cumulative,Warden -LocatedIn-> Across the Quarter,detail,,
9,relation_false_positive,cumulative,Warden -RelatedTo-> Hask,detail,,
9,relation_false_positive,cumulative,Warden -LocatedIn-> House Vell,detail,,
9,relation_false_positive,cumulative,Warden -LocatedIn-> gilded rooms,detail,,
9,relation_false_positive,cumulative,Warden -RelatedTo-> trader,detail,,
9,relation_false_positive,cumulative,Across the Quarter -RelatedTo-> Discipline,detail,,
9,relation_false_positive,cumulative,Bone Market -RelatedTo-> Discipline,detail,,
9,relation_false_positive,cumulative,Hask -RelatedTo-> Discipline,detail,,
9,relation_false_positive,cumulative,House Vell -RelatedTo-> Discipline,detail,,
9,relation_false_positive,cumulative,gilded rooms -RelatedTo-> Discipline,detail,,
9,relation_false_positive,cumulative,trader -RelatedTo-> Discipline,detail,,
9,relation_false_positive,cumulative,Captain -RelatedTo-> Across the Quarter,detail,,
9,relation_false_positive,cumulative,Hask -HasTitle-> Captain,detail,,
9,relation_false_positive,cumulative,House Vell -RelatedTo-> Captain,detail,,
9,relation_false_positive,cumulative,Captain -RelatedTo-> gilded rooms,detail,,
9,relation_false_positive,cumulative,trader -HasTitle-> Captain,detail,,
9,relation_false_positive,cumulative,Bone Market -RelatedTo-> Across the Quarter,detail,,
9,relation_false_positive,cumulative,quiet -RelatedTo-> Across the Quarter,detail,,
9,relation_false_positive,cumulative,Hask -LocatedIn-> Across the Quarter,detail,,
9,relation_false_positive,cumulative,House Vell -RelatedTo-> Across the Quarter,detail,,
9,relation_false_positive,cumulative,Across the Quarter -RelatedTo-> gilded rooms,detail,,
9,relation_false_positive,cumulative,trader -LocatedIn-> Across the Quarter,detail,,
9,relation_false_positive,cumulative,Bone Market -RelatedTo-> House Vell,detail,,
9,relation_false_positive,cumulative,Bone Market -RelatedTo-> gilded rooms,detail,,
9,relation_false_positive,cumulative,Hask -RelatedTo-> quiet,detail,,
9,relation_false_positive,cumulative,House Vell -RelatedTo-> quiet,detail,,
9,relation_false_positive,cumulative,quiet -RelatedTo-> gilded rooms,detail,,
9,relation_false_positive,cumulative,quiet -RelatedTo-> trader,detail,,
9,relation_false_positive,cumulative,Hask -LocatedIn-> House Vell,detail,,
9,relation_false_positive,cumulative,Hask -LocatedIn-> gilded rooms,detail,,
9,relation_false_positive,cumulative,Hask -RelatedTo-> trader,detail,,
9,relation_false_positive,cumulative,House Vell -RelatedTo-> gilded rooms,detail,,
9,relation_false_positive,cumulative,trader -LocatedIn-> House Vell,detail,,
9,relation_false_positive,cumulative,trader -LocatedIn-> gilded rooms,detail,,
9,relation_false_positive,cumulative,Corwin -LocatedIn-> House Vell,detail,,
9,relation_false_positive,cumulative,House Vell -ParticipatedIn-> intended outcome,detail,,
9,relation_false_positive,cumulative,Corwin -RelatedTo-> trader,detail,,
9,relation_false_positive,cumulative,trader -ParticipatedIn-> intended outcome,detail,,
9,relation_false_positive,cumulative,Corwin -RelatedTo-> Hask,detail,,
9,relation_false_positive,cumulative,Hask -ParticipatedIn-> intended outcome,detail,,
9,relation_false_positive,cumulative,Corwin -ParticipatedIn-> intended outcome,detail,,
9,relation_false_positive,cumulative,Warden -LocatedIn-> Salt Quarter,detail,,
9,relation_false_positive,cumulative,Juno Stray -LocatedIn-> Salt Quarter,detail,,
9,relation_false_positive,cumulative,Ettie Marsh -HasTitle-> Captain,detail,,
9,relation_false_positive,cumulative,Corwin -LocatedIn-> gilded rooms,detail,,
9,relation_false_positive,cumulative,Corwin -LocatedIn-> Undercroft,detail,,
9,relation_false_positive,cumulative,Undercroft -RelatedTo-> gilded rooms,detail,,
9,relation_false_positive,cumulative,Pryn Voss -HasTitle-> Captain,detail,,
9,relation_false_positive,cumulative,Salt Quarter -RelatedTo-> House Vell,detail,,
9,relation_false_positive,cumulative,Corwin -LocatedIn-> Salt Quarter,detail,,
9,relation_false_positive,cumulative,Hask -LocatedIn-> Salt Quarter,detail,,
9,relation_false_positive,cumulative,Corwin -LocatedIn-> Bone Market,detail,,
9,relation_false_positive,cumulative,Hask -LocatedIn-> Undercroft,detail,,
9,relation_false_positive,cumulative,Hask -Serves-> Corwin,detail,,
9,relation_false_positive,cumulative,Drask -Respects-> Juno Stray,detail,,
17,relation,cumulative,ALL,micro_precision_matchable_only,0.035714,
17,relation,cumulative,ALL,micro_recall_matchable_only,0.5,
17,relation,cumulative,ALL,micro_f1_matchable_only,0.066667,
17,relation,cumulative,ALL,fn_matchable_only,3,
17,relation,cumulative,AffiliatedWith,precision,0.0,
17,relation,cumulative,AffiliatedWith,recall,0.0,
17,relation,cumulative,AffiliatedWith,f1,0.0,
17,relation,cumulative,AffiliatedWith,tp,0,
17,relation,cumulative,AffiliatedWith,fp,1,
17,relation,cumulative,AffiliatedWith,fn,1,
17,relation,cumulative,Fears,precision,0.0,
17,relation,cumulative,Fears,recall,0.0,
17,relation,cumulative,Fears,f1,0.0,
17,relation,cumulative,Fears,tp,0,
17,relation,cumulative,Fears,fp,0,
17,relation,cumulative,Fears,fn,1,
17,relation,cumulative,HasTitle,precision,0.0,
17,relation,cumulative,HasTitle,recall,0.0,
17,relation,cumulative,HasTitle,f1,0.0,
17,relation,cumulative,HasTitle,tp,0,
17,relation,cumulative,HasTitle,fp,0,
17,relation,cumulative,HasTitle,fn,1,
17,relation,cumulative,LeaderOf,precision,0.0,
17,relation,cumulative,LeaderOf,recall,0.0,
17,relation,cumulative,LeaderOf,f1,0.0,
17,relation,cumulative,LeaderOf,tp,0,
17,relation,cumulative,LeaderOf,fp,9,
17,relation,cumulative,LeaderOf,fn,0,
17,relation,cumulative,LocatedIn,precision,0.0,
17,relation,cumulative,LocatedIn,recall,0.0,
17,relation,cumulative,LocatedIn,f1,0.0,
17,relation,cumulative,LocatedIn,tp,0,
17,relation,cumulative,LocatedIn,fp,31,
17,relation,cumulative,LocatedIn,fn,2,
17,relation,cumulative,MemberOf,precision,0.0,
17,relation,cumulative,MemberOf,recall,0.0,
17,relation,cumulative,MemberOf,f1,0.0,
17,relation,cumulative,MemberOf,tp,0,
17,relation,cumulative,MemberOf,fp,4,
17,relation,cumulative,MemberOf,fn,3,
17,relation,cumulative,OwnsItem,precision,0.0,
17,relation,cumulative,OwnsItem,recall,0.0,
17,relation,cumulative,OwnsItem,f1,0.0,
17,relation,cumulative,OwnsItem,tp,0,
17,relation,cumulative,OwnsItem,fp,3,
17,relation,cumulative,OwnsItem,fn,0,
17,relation,cumulative,Parent,precision,0.0,
17,relation,cumulative,Parent,recall,0.0,
17,relation,cumulative,Parent,f1,0.0,
17,relation,cumulative,Parent,tp,0,
17,relation,cumulative,Parent,fp,1,
17,relation,cumulative,Parent,fn,0,
17,relation,cumulative,ParticipatedIn,precision,0.0,
17,relation,cumulative,ParticipatedIn,recall,0.0,
17,relation,cumulative,ParticipatedIn,f1,0.0,
17,relation,cumulative,ParticipatedIn,tp,0,
17,relation,cumulative,ParticipatedIn,fp,0,
17,relation,cumulative,ParticipatedIn,fn,3,
17,relation,cumulative,Protects,precision,0.0,
17,relation,cumulative,Protects,recall,0.0,
17,relation,cumulative,Protects,f1,0.0,
17,relation,cumulative,Protects,tp,0,
17,relation,cumulative,Protects,fp,1,
17,relation,cumulative,Protects,fn,0,
17,relation,cumulative,RelatedTo,precision,0.088235,
17,relation,cumulative,RelatedTo,recall,0.6,
17,relation,cumulative,RelatedTo,f1,0.153846,
17,relation,cumulative,RelatedTo,tp,3,
17,relation,cumulative,RelatedTo,fp,31,
17,relation,cumulative,RelatedTo,fn,2,
17,relation,cumulative,Respects,precision,0.0,
17,relation,cumulative,Respects,recall,0.0,
17,relation,cumulative,Respects,f1,0.0,
17,relation,cumulative,Respects,tp,0,
17,relation,cumulative,Respects,fp,0,
17,relation,cumulative,Respects,fn,1,
17,relation,cumulative,Sibling,precision,0.0,
17,relation,cumulative,Sibling,recall,0.0,
17,relation,cumulative,Sibling,f1,0.0,
17,relation,cumulative,Sibling,tp,0,
17,relation,cumulative,Sibling,fp,0,
17,relation,cumulative,Sibling,fn,1,
17,relation,cumulative,ALL,macro_f1,0.011834,over 13 relation types
17,relation,cumulative,ALL,micro_precision,0.035714,
17,relation,cumulative,ALL,micro_recall,0.166667,
17,relation,cumulative,ALL,micro_f1,0.058824,
17,relation,cumulative,ALL,tp,3,
17,relation,cumulative,ALL,fp,81,
17,relation,cumulative,ALL,fn,15,
17,relation_tier,cumulative,tier1,precision,0.036585,
17,relation_tier,cumulative,tier1,recall,0.2,
17,relation_tier,cumulative,tier1,f1,0.061856,
17,relation_tier,cumulative,tier1,tp,3,
17,relation_tier,cumulative,tier1,fp,79,
17,relation_tier,cumulative,tier1,fn,12,
17,relation_tier,cumulative,tier2,precision,0.0,
17,relation_tier,cumulative,tier2,recall,0.0,
17,relation_tier,cumulative,tier2,f1,0.0,
17,relation_tier,cumulative,tier2,tp,0,
17,relation_tier,cumulative,tier2,fp,2,
17,relation_tier,cumulative,tier2,fn,3,
17,relation_unmatchable,cumulative,House Vell -ParticipatedIn-> Vell Masque [source 'House Vell' and target 'Vell Masque' not found by v1],reason,endpoint not found by v1,
17,relation_unmatchable,cumulative,Vell Masque -LocatedIn-> Aldenreach [source 'Vell Masque' not found by v1],reason,endpoint not found by v1,
17,relation_unmatchable,cumulative,Lord Fennick Oswald -MemberOf-> House Oswald [target 'House Oswald' not found by v1],reason,endpoint not found by v1,
17,relation_unmatchable,cumulative,Brenna Oswald -MemberOf-> House Oswald [target 'House Oswald' not found by v1],reason,endpoint not found by v1,
17,relation_unmatchable,cumulative,House Oswald -MemberOf-> Council [source 'House Oswald' not found by v1],reason,endpoint not found by v1,
17,relation_unmatchable,cumulative,House Vell -AffiliatedWith-> House Ashcombe [source 'House Vell' and target 'House Ashcombe' not found by v1],reason,endpoint not found by v1,
17,relation_unmatchable,cumulative,Brenna Oswald -ParticipatedIn-> Vell Masque [target 'Vell Masque' not found by v1],reason,endpoint not found by v1,
17,relation_unmatchable,cumulative,Lord Fennick Oswald -ParticipatedIn-> Vell Masque [target 'Vell Masque' not found by v1],reason,endpoint not found by v1,
17,relation_unmatchable,cumulative,Sorrel -LocatedIn-> Chancery [target 'Chancery' not found by v1],reason,endpoint not found by v1,
17,relation_unmatchable,cumulative,Sorrel -HasTitle-> Scribe [target 'Scribe' not found by v1],reason,endpoint not found by v1,
17,relation_unmatchable,cumulative,House Vell -RelatedTo-> House Oswald [source 'House Vell' and target 'House Oswald' not found by v1],reason,endpoint not found by v1,
17,relation_unmatchable,cumulative,Brenna Oswald -RelatedTo-> House Vell [target 'House Vell' not found by v1],reason,endpoint not found by v1,
17,relation_false_negative,cumulative,Lord Fennick Oswald -Sibling-> Brenna Oswald,detail,,
17,relation_false_negative,cumulative,Brenna Oswald -Respects-> Corwin,detail,,
17,relation_false_negative,cumulative,Lord Fennick Oswald -Fears-> Corwin,detail,,
17,relation_false_negative,cumulative,House Vell -ParticipatedIn-> Vell Masque [unmatchable: endpoint not found by v1],detail,,
17,relation_false_negative,cumulative,Vell Masque -LocatedIn-> Aldenreach [unmatchable: endpoint not found by v1],detail,,
17,relation_false_negative,cumulative,Lord Fennick Oswald -MemberOf-> House Oswald [unmatchable: endpoint not found by v1],detail,,
17,relation_false_negative,cumulative,Brenna Oswald -MemberOf-> House Oswald [unmatchable: endpoint not found by v1],detail,,
17,relation_false_negative,cumulative,House Oswald -MemberOf-> Council [unmatchable: endpoint not found by v1],detail,,
17,relation_false_negative,cumulative,House Vell -AffiliatedWith-> House Ashcombe [unmatchable: endpoint not found by v1],detail,,
17,relation_false_negative,cumulative,Brenna Oswald -ParticipatedIn-> Vell Masque [unmatchable: endpoint not found by v1],detail,,
17,relation_false_negative,cumulative,Lord Fennick Oswald -ParticipatedIn-> Vell Masque [unmatchable: endpoint not found by v1],detail,,
17,relation_false_negative,cumulative,Sorrel -LocatedIn-> Chancery [unmatchable: endpoint not found by v1],detail,,
17,relation_false_negative,cumulative,Sorrel -HasTitle-> Scribe [unmatchable: endpoint not found by v1],detail,,
17,relation_false_negative,cumulative,House Vell -RelatedTo-> House Oswald [unmatchable: endpoint not found by v1],detail,,
17,relation_false_negative,cumulative,Brenna Oswald -RelatedTo-> House Vell [unmatchable: endpoint not found by v1],detail,,
17,relation_false_positive,cumulative,Sorrel -LeaderOf-> Chancery,detail,,
17,relation_false_positive,cumulative,Chancery -AffiliatedWith-> Council,detail,,
17,relation_false_positive,cumulative,Sorrel -LeaderOf-> Council,detail,,
17,relation_false_positive,cumulative,Ione -LeaderOf-> Council,detail,,
17,relation_false_positive,cumulative,Sorrel -RelatedTo-> Ione,detail,,
17,relation_false_positive,cumulative,Meraude -RelatedTo-> Ione,detail,,
17,relation_false_positive,cumulative,Sorrel -RelatedTo-> Meraude,detail,,
17,relation_false_positive,cumulative,Sorrel -RelatedTo-> Lord Fennick Oswald,detail,,
17,relation_false_positive,cumulative,Meraude -RelatedTo-> Lord Fennick Oswald,detail,,
17,relation_false_positive,cumulative,Meraude -RelatedTo-> Brenna Oswald,detail,,
17,relation_false_positive,cumulative,Sorrel -RelatedTo-> Brenna Oswald,detail,,
17,relation_false_positive,cumulative,Sorrel -LocatedIn-> Undercroft,detail,,
17,relation_false_positive,cumulative,Sorrel -RelatedTo-> Corwin,detail,,
17,relation_false_positive,cumulative,Corwin -MemberOf-> Chancery,detail,,
17,relation_false_positive,cumulative,scribe -LocatedIn-> Undercroft,detail,,
17,relation_false_positive,cumulative,scribe -LocatedIn-> Aldenreach,detail,,
17,relation_false_positive,cumulative,Council -LocatedIn-> Aldenreach,detail,,
17,relation_false_positive,cumulative,Council -LocatedIn-> House Ashcombe,detail,,
17,relation_false_positive,cumulative,Meraude -RelatedTo-> Corwin,detail,,
17,relation_false_positive,cumulative,Sorrel -RelatedTo-> Tobin,detail,,
17,relation_false_positive,cumulative,Meraude -RelatedTo-> Tobin,detail,,
17,relation_false_positive,cumulative,Ione -RelatedTo-> Tobin,detail,,
17,relation_false_positive,cumulative,House Vell -RelatedTo-> gilded rooms,detail,,
17,relation_false_positive,cumulative,Corwin -LocatedIn-> House Vell,detail,,
17,relation_false_positive,cumulative,Meraude -LeaderOf-> Chancery,detail,,
17,relation_false_positive,cumulative,Tobin -LeaderOf-> Chancery,detail,,
17,relation_false_positive,cumulative,Meraude -LocatedIn-> House Vell,detail,,
17,relation_false_positive,cumulative,Aldenreach -RelatedTo-> House Vell,detail,,
17,relation_false_positive,cumulative,Lord Fennick Oswald -LocatedIn-> House Vell,detail,,
17,relation_false_positive,cumulative,Meraude -LocatedIn-> Aldenreach,detail,,
17,relation_false_positive,cumulative,Lord Fennick Oswald -LocatedIn-> Aldenreach,detail,,
17,relation_false_positive,cumulative,Tobin -LocatedIn-> Aldenreach,detail,,
17,relation_false_positive,cumulative,Lord Fennick Oswald -RelatedTo-> Tobin,detail,,
17,relation_false_positive,cumulative,Ione -RelatedTo-> Lord Fennick Oswald,detail,,
17,relation_false_positive,cumulative,Lord Fennick Oswald -LocatedIn-> House Oswald,detail,,
17,relation_false_positive,cumulative,Lord Fennick Oswald -LeaderOf-> Council,detail,,
17,relation_false_positive,cumulative,Brenna Oswald -RelatedTo-> Tobin,detail,,
17,relation_false_positive,cumulative,Tobin -LocatedIn-> House Oswald,detail,,
17,relation_false_positive,cumulative,Tobin -MemberOf-> Council,detail,,
17,relation_false_positive,cumulative,Tobin -LocatedIn-> House Ashcombe,detail,,
17,relation_false_positive,cumulative,Ione -RelatedTo-> Brenna Oswald,detail,,
17,relation_false_positive,cumulative,Ione -LocatedIn-> House Oswald,detail,,
17,relation_false_positive,cumulative,Ione -LocatedIn-> House Ashcombe,detail,,
17,relation_false_positive,cumulative,Brenna Oswald -LocatedIn-> House Oswald,detail,,
17,relation_false_positive,cumulative,Brenna Oswald -MemberOf-> Council,detail,,
17,relation_false_positive,cumulative,Brenna Oswald -LocatedIn-> House Ashcombe,detail,,
17,relation_false_positive,cumulative,Council -LocatedIn-> House Oswald,detail,,
17,relation_false_positive,cumulative,House Ashcombe -RelatedTo-> House Oswald,detail,,
17,relation_false_positive,cumulative,Corwin -LeaderOf-> Council,detail,,
17,relation_false_positive,cumulative,Corwin -LocatedIn-> House Ashcombe,detail,,
17,relation_false_positive,cumulative,House Ashcombe -RelatedTo-> ambition,detail,,
17,relation_false_positive,cumulative,Corwin -RelatedTo-> ambition,detail,,
17,relation_false_positive,cumulative,Corwin -LocatedIn-> gilded rooms,detail,,
17,relation_false_positive,cumulative,Lord Fennick Oswald -RelatedTo-> ambition,detail,,
17,relation_false_positive,cumulative,gilded rooms -RelatedTo-> ambition,detail,,
17,relation_false_positive,cumulative,Lord Fennick Oswald -LocatedIn-> gilded rooms,detail,,
17,relation_false_positive,cumulative,Lord Fennick Oswald -LocatedIn-> Undercroft,detail,,
17,relation_false_positive,cumulative,Corwin -LocatedIn-> Undercroft,detail,,
17,relation_false_positive,cumulative,Corwin -OwnsItem-> invitation,detail,,
17,relation_false_positive,cumulative,Undercroft -RelatedTo-> gilded rooms,detail,,
17,relation_false_positive,cumulative,gilded rooms -RelatedTo-> invitation,detail,,
17,relation_false_positive,cumulative,Undercroft -RelatedTo-> invitation,detail,,
17,relation_false_positive,cumulative,Chancery -LocatedIn-> Undercroft,detail,,
17,relation_false_positive,cumulative,Chancery -RelatedTo-> invitation,detail,,
17,relation_false_positive,cumulative,Sorrel -OwnsItem-> invitation,detail,,
17,relation_false_positive,cumulative,scribe -OwnsItem-> invitation,detail,,
17,relation_false_positive,cumulative,scribe -LeaderOf-> Chancery,detail,,
17,relation_false_positive,cumulative,Sorrel -RelatedTo-> scribe,detail,,
17,relation_false_positive,cumulative,Sorrel -LocatedIn-> Aldenreach,detail,,
17,relation_false_positive,cumulative,Ione -MemberOf-> Chancery,detail,,
17,relation_false_positive,cumulative,Sorrel -LocatedIn-> House Vell,detail,,
17,relation_false_positive,cumulative,Meraude -LocatedIn-> Undercroft,detail,,
17,relation_false_positive,cumulative,Undercroft -RelatedTo-> House Ashcombe,detail,,
17,relation_false_positive,cumulative,Council -LocatedIn-> Undercroft,detail,,
17,relation_false_positive,cumulative,Meraude -LocatedIn-> House Ashcombe,detail,,
17,relation_false_positive,cumulative,Meraude -LeaderOf-> Council,detail,,
17,relation_false_positive,cumulative,House Ashcombe -RelatedTo-> House Vell,detail,,
17,relation_false_positive,cumulative,Council -LocatedIn-> House Vell,detail,,
17,relation_false_positive,cumulative,Ione -RelatedTo-> Corwin,detail,,
17,relation_false_positive,cumulative,Meraude -Parent-> Tobin,detail,,
17,relation_false_positive,cumulative,Ione -Protects-> Sorrel,detail,,
37,relation,cumulative,ALL,micro_precision_matchable_only,0.032258,
37,relation,cumulative,ALL,micro_recall_matchable_only,0.5,
37,relation,cumulative,ALL,micro_f1_matchable_only,0.060606,
37,relation,cumulative,ALL,fn_matchable_only,1,
37,relation,cumulative,LocatedIn,precision,0.076923,
37,relation,cumulative,LocatedIn,recall,0.333333,
37,relation,cumulative,LocatedIn,f1,0.125,
37,relation,cumulative,LocatedIn,tp,1,
37,relation,cumulative,LocatedIn,fp,12,
37,relation,cumulative,LocatedIn,fn,2,
37,relation,cumulative,MemberOf,precision,0.0,
37,relation,cumulative,MemberOf,recall,0.0,
37,relation,cumulative,MemberOf,f1,0.0,
37,relation,cumulative,MemberOf,tp,0,
37,relation,cumulative,MemberOf,fp,3,
37,relation,cumulative,MemberOf,fn,1,
37,relation,cumulative,Mentor,precision,0.0,
37,relation,cumulative,Mentor,recall,0.0,
37,relation,cumulative,Mentor,f1,0.0,
37,relation,cumulative,Mentor,tp,0,
37,relation,cumulative,Mentor,fp,1,
37,relation,cumulative,Mentor,fn,0,
37,relation,cumulative,ParticipatedIn,precision,0.0,
37,relation,cumulative,ParticipatedIn,recall,0.0,
37,relation,cumulative,ParticipatedIn,f1,0.0,
37,relation,cumulative,ParticipatedIn,tp,0,
37,relation,cumulative,ParticipatedIn,fp,4,
37,relation,cumulative,ParticipatedIn,fn,0,
37,relation,cumulative,Protects,precision,0.0,
37,relation,cumulative,Protects,recall,0.0,
37,relation,cumulative,Protects,f1,0.0,
37,relation,cumulative,Protects,tp,0,
37,relation,cumulative,Protects,fp,0,
37,relation,cumulative,Protects,fn,1,
37,relation,cumulative,RelatedTo,precision,0.0,
37,relation,cumulative,RelatedTo,recall,0.0,
37,relation,cumulative,RelatedTo,f1,0.0,
37,relation,cumulative,RelatedTo,tp,0,
37,relation,cumulative,RelatedTo,fp,9,
37,relation,cumulative,RelatedTo,fn,6,
37,relation,cumulative,Respects,precision,0.0,
37,relation,cumulative,Respects,recall,0.0,
37,relation,cumulative,Respects,f1,0.0,
37,relation,cumulative,Respects,tp,0,
37,relation,cumulative,Respects,fp,0,
37,relation,cumulative,Respects,fn,1,
37,relation,cumulative,TRANSMIGRATED_INTO,precision,0.0,
37,relation,cumulative,TRANSMIGRATED_INTO,recall,0.0,
37,relation,cumulative,TRANSMIGRATED_INTO,f1,0.0,
37,relation,cumulative,TRANSMIGRATED_INTO,tp,0,
37,relation,cumulative,TRANSMIGRATED_INTO,fp,1,
37,relation,cumulative,TRANSMIGRATED_INTO,fn,0,
37,relation,cumulative,ALL,macro_f1,0.015625,over 8 relation types
37,relation,cumulative,ALL,micro_precision,0.032258,
37,relation,cumulative,ALL,micro_recall,0.083333,
37,relation,cumulative,ALL,micro_f1,0.046512,
37,relation,cumulative,ALL,tp,1,
37,relation,cumulative,ALL,fp,30,
37,relation,cumulative,ALL,fn,11,
37,relation_tier,cumulative,tier1,precision,0.034483,
37,relation_tier,cumulative,tier1,recall,0.1,
37,relation_tier,cumulative,tier1,f1,0.051282,
37,relation_tier,cumulative,tier1,tp,1,
37,relation_tier,cumulative,tier1,fp,28,
37,relation_tier,cumulative,tier1,fn,9,
37,relation_tier,cumulative,tier2,precision,0.0,
37,relation_tier,cumulative,tier2,recall,0.0,
37,relation_tier,cumulative,tier2,f1,0.0,
37,relation_tier,cumulative,tier2,tp,0,
37,relation_tier,cumulative,tier2,fp,1,
37,relation_tier,cumulative,tier2,fn,2,
37,relation_tier,cumulative,tier3,precision,0.0,
37,relation_tier,cumulative,tier3,recall,0.0,
37,relation_tier,cumulative,tier3,f1,0.0,
37,relation_tier,cumulative,tier3,tp,0,
37,relation_tier,cumulative,tier3,fp,1,
37,relation_tier,cumulative,tier3,fn,0,
37,relation_unmatchable,cumulative,Mira Quell -LocatedIn-> Undercroft [source 'Mira Quell' not found by v1],reason,endpoint not found by v1,
37,relation_unmatchable,cumulative,Mira Quell -MemberOf-> Choir [source 'Mira Quell' not found by v1],reason,endpoint not found by v1,
37,relation_unmatchable,cumulative,Mira Quell -RelatedTo-> Thessaly [source 'Mira Quell' not found by v1],reason,endpoint not found by v1,
37,relation_unmatchable,cumulative,Mira Quell -RelatedTo-> Sorrel [source 'Mira Quell' not found by v1],reason,endpoint not found by v1,
37,relation_unmatchable,cumulative,Mira Quell -Respects-> Sorrel [source 'Mira Quell' not found by v1],reason,endpoint not found by v1,
37,relation_unmatchable,cumulative,Sorrel -Protects-> Mira Quell [target 'Mira Quell' not found by v1],reason,endpoint not found by v1,
37,relation_unmatchable,cumulative,Mira Quell -RelatedTo-> Thessaly [source 'Mira Quell' not found by v1],reason,endpoint not found by v1,
37,relation_unmatchable,cumulative,Mira Quell -RelatedTo-> Wanderer [source 'Mira Quell' and target 'Wanderer' not found by v1],reason,endpoint not found by v1,
37,relation_unmatchable,cumulative,Mira Quell -RelatedTo-> Thornmere [source 'Mira Quell' not found by v1],reason,endpoint not found by v1,
37,relation_unmatchable,cumulative,Mira Quell -RelatedTo-> Choir initiate [source 'Mira Quell' and target 'Choir initiate' not found by v1],reason,endpoint not found by v1,
37,relation_false_negative,cumulative,Grey Road -LocatedIn-> Undercroft,detail,,
37,relation_false_negative,cumulative,Mira Quell -LocatedIn-> Undercroft [unmatchable: endpoint not found by v1],detail,,
37,relation_false_negative,cumulative,Mira Quell -MemberOf-> Choir [unmatchable: endpoint not found by v1],detail,,
37,relation_false_negative,cumulative,Mira Quell -RelatedTo-> Thessaly [unmatchable: endpoint not found by v1],detail,,
37,relation_false_negative,cumulative,Mira Quell -RelatedTo-> Sorrel [unmatchable: endpoint not found by v1],detail,,
37,relation_false_negative,cumulative,Mira Quell -Respects-> Sorrel [unmatchable: endpoint not found by v1],detail,,
37,relation_false_negative,cumulative,Sorrel -Protects-> Mira Quell [unmatchable: endpoint not found by v1],detail,,
37,relation_false_negative,cumulative,Mira Quell -RelatedTo-> Thessaly [unmatchable: endpoint not found by v1],detail,,
37,relation_false_negative,cumulative,Mira Quell -RelatedTo-> Wanderer [unmatchable: endpoint not found by v1],detail,,
37,relation_false_negative,cumulative,Mira Quell -RelatedTo-> Thornmere [unmatchable: endpoint not found by v1],detail,,
37,relation_false_negative,cumulative,Mira Quell -RelatedTo-> Choir initiate [unmatchable: endpoint not found by v1],detail,,
37,relation_false_positive,cumulative,Sorrel -LocatedIn-> Thornmere,detail,,
37,relation_false_positive,cumulative,Sorrel -LocatedIn-> Undercroft,detail,,
37,relation_false_positive,cumulative,Sorrel -MemberOf-> Choir,detail,,
37,relation_false_positive,cumulative,Thessaly -LocatedIn-> Undercroft,detail,,
37,relation_false_positive,cumulative,Thessaly -MemberOf-> Choir,detail,,
37,relation_false_positive,cumulative,Thessaly -RelatedTo-> Mira,detail,,
37,relation_false_positive,cumulative,Sorrel -RelatedTo-> Thessaly,detail,,
37,relation_false_positive,cumulative,Thessaly -LocatedIn-> Thornmere,detail,,
37,relation_false_positive,cumulative,Mira -MemberOf-> Choir,detail,,
37,relation_false_positive,cumulative,Mira -LocatedIn-> Undercroft,detail,,
37,relation_false_positive,cumulative,Sorrel -RelatedTo-> Mira,detail,,
37,relation_false_positive,cumulative,Mira -ParticipatedIn-> Undercroft collapse,detail,,
37,relation_false_positive,cumulative,Thessaly -ParticipatedIn-> Undercroft collapse,detail,,
37,relation_false_positive,cumulative,Choir -RelatedTo-> Undercroft collapse,detail,,
37,relation_false_positive,cumulative,Sorrel -ParticipatedIn-> Undercroft collapse,detail,,
37,relation_false_positive,cumulative,Grey Road -ParticipatedIn-> Undercroft collapse,detail,,
37,relation_false_positive,cumulative,Thessaly -LocatedIn-> Grey Road,detail,,
37,relation_false_positive,cumulative,Choir -LocatedIn-> Grey Road,detail,,
37,relation_false_positive,cumulative,Sorrel -LocatedIn-> Grey Road,detail,,
37,relation_false_positive,cumulative,Mira -LocatedIn-> Grey Road,detail,,
37,relation_false_positive,cumulative,Undercroft -RelatedTo-> Grey Road,detail,,
37,relation_false_positive,cumulative,Sorrel -RelatedTo-> Wanderer,detail,,
37,relation_false_positive,cumulative,Mira -LocatedIn-> Thornmere,detail,,
37,relation_false_positive,cumulative,Mira -RelatedTo-> Wanderer,detail,,
37,relation_false_positive,cumulative,Thornmere -RelatedTo-> Grey Road,detail,,
37,relation_false_positive,cumulative,Wanderer -LocatedIn-> Grey Road,detail,,
37,relation_false_positive,cumulative,Wanderer -LocatedIn-> Thornmere,detail,,
37,relation_false_positive,cumulative,Thessaly -RelatedTo-> Wanderer,detail,,
37,relation_false_positive,cumulative,Mira -TRANSMIGRATED_INTO-> Wanderer,detail,,
37,relation_false_positive,cumulative,Thessaly -Mentor-> Mira,detail,,
pooled,relation,cumulative,AffiliatedWith,precision,0.0,
pooled,relation,cumulative,AffiliatedWith,recall,0.0,
pooled,relation,cumulative,AffiliatedWith,f1,0.0,
pooled,relation,cumulative,AffiliatedWith,tp,0,
pooled,relation,cumulative,AffiliatedWith,fp,1,
pooled,relation,cumulative,AffiliatedWith,fn,1,
pooled,relation,cumulative,Fears,precision,0.0,
pooled,relation,cumulative,Fears,recall,0.0,
pooled,relation,cumulative,Fears,f1,0.0,
pooled,relation,cumulative,Fears,tp,0,
pooled,relation,cumulative,Fears,fp,0,
pooled,relation,cumulative,Fears,fn,1,
pooled,relation,cumulative,HasAbility,precision,0.0,
pooled,relation,cumulative,HasAbility,recall,0.0,
pooled,relation,cumulative,HasAbility,f1,0.0,
pooled,relation,cumulative,HasAbility,tp,0,
pooled,relation,cumulative,HasAbility,fp,0,
pooled,relation,cumulative,HasAbility,fn,1,
pooled,relation,cumulative,HasTitle,precision,0.0,
pooled,relation,cumulative,HasTitle,recall,0.0,
pooled,relation,cumulative,HasTitle,f1,0.0,
pooled,relation,cumulative,HasTitle,tp,0,
pooled,relation,cumulative,HasTitle,fp,7,
pooled,relation,cumulative,HasTitle,fn,2,
pooled,relation,cumulative,LeaderOf,precision,0.0,
pooled,relation,cumulative,LeaderOf,recall,0.0,
pooled,relation,cumulative,LeaderOf,f1,0.0,
pooled,relation,cumulative,LeaderOf,tp,0,
pooled,relation,cumulative,LeaderOf,fp,9,
pooled,relation,cumulative,LeaderOf,fn,1,
pooled,relation,cumulative,LocatedIn,precision,0.066667,
pooled,relation,cumulative,LocatedIn,recall,0.545455,
pooled,relation,cumulative,LocatedIn,f1,0.118812,
pooled,relation,cumulative,LocatedIn,tp,6,
pooled,relation,cumulative,LocatedIn,fp,84,
pooled,relation,cumulative,LocatedIn,fn,5,
pooled,relation,cumulative,MemberOf,precision,0.0,
pooled,relation,cumulative,MemberOf,recall,0.0,
pooled,relation,cumulative,MemberOf,f1,0.0,
pooled,relation,cumulative,MemberOf,tp,0,
pooled,relation,cumulative,MemberOf,fp,7,
pooled,relation,cumulative,MemberOf,fn,9,
pooled,relation,cumulative,Mentor,precision,0.0,
pooled,relation,cumulative,Mentor,recall,0.0,
pooled,relation,cumulative,Mentor,f1,0.0,
pooled,relation,cumulative,Mentor,tp,0,
pooled,relation,cumulative,Mentor,fp,1,
pooled,relation,cumulative,Mentor,fn,0,
pooled,relation,cumulative,OwnsItem,precision,0.0,
pooled,relation,cumulative,OwnsItem,recall,0.0,
pooled,relation,cumulative,OwnsItem,f1,0.0,
pooled,relation,cumulative,OwnsItem,tp,0,
pooled,relation,cumulative,OwnsItem,fp,3,
pooled,relation,cumulative,OwnsItem,fn,0,
pooled,relation,cumulative,Parent,precision,0.0,
pooled,relation,cumulative,Parent,recall,0.0,
pooled,relation,cumulative,Parent,f1,0.0,
pooled,relation,cumulative,Parent,tp,0,
pooled,relation,cumulative,Parent,fp,1,
pooled,relation,cumulative,Parent,fn,0,
pooled,relation,cumulative,ParticipatedIn,precision,0.0,
pooled,relation,cumulative,ParticipatedIn,recall,0.0,
pooled,relation,cumulative,ParticipatedIn,f1,0.0,
pooled,relation,cumulative,ParticipatedIn,tp,0,
pooled,relation,cumulative,ParticipatedIn,fp,8,
pooled,relation,cumulative,ParticipatedIn,fn,3,
pooled,relation,cumulative,Protects,precision,0.0,
pooled,relation,cumulative,Protects,recall,0.0,
pooled,relation,cumulative,Protects,f1,0.0,
pooled,relation,cumulative,Protects,tp,0,
pooled,relation,cumulative,Protects,fp,1,
pooled,relation,cumulative,Protects,fn,1,
pooled,relation,cumulative,RelatedTo,precision,0.028037,
pooled,relation,cumulative,RelatedTo,recall,0.1875,
pooled,relation,cumulative,RelatedTo,f1,0.04878,
pooled,relation,cumulative,RelatedTo,tp,3,
pooled,relation,cumulative,RelatedTo,fp,104,
pooled,relation,cumulative,RelatedTo,fn,13,
pooled,relation,cumulative,Respects,precision,0.0,
pooled,relation,cumulative,Respects,recall,0.0,
pooled,relation,cumulative,Respects,f1,0.0,
pooled,relation,cumulative,Respects,tp,0,
pooled,relation,cumulative,Respects,fp,1,
pooled,relation,cumulative,Respects,fn,3,
pooled,relation,cumulative,Serves,precision,0.0,
pooled,relation,cumulative,Serves,recall,0.0,
pooled,relation,cumulative,Serves,f1,0.0,
pooled,relation,cumulative,Serves,tp,0,
pooled,relation,cumulative,Serves,fp,1,
pooled,relation,cumulative,Serves,fn,1,
pooled,relation,cumulative,Sibling,precision,0.0,
pooled,relation,cumulative,Sibling,recall,0.0,
pooled,relation,cumulative,Sibling,f1,0.0,
pooled,relation,cumulative,Sibling,tp,0,
pooled,relation,cumulative,Sibling,fp,0,
pooled,relation,cumulative,Sibling,fn,1,
pooled,relation,cumulative,TRANSMIGRATED_INTO,precision,0.0,
pooled,relation,cumulative,TRANSMIGRATED_INTO,recall,0.0,
pooled,relation,cumulative,TRANSMIGRATED_INTO,f1,0.0,
pooled,relation,cumulative,TRANSMIGRATED_INTO,tp,0,
pooled,relation,cumulative,TRANSMIGRATED_INTO,fp,1,
pooled,relation,cumulative,TRANSMIGRATED_INTO,fn,0,
pooled,relation_tier,cumulative,tier1,precision,0.038793,
pooled,relation_tier,cumulative,tier1,recall,0.204545,
pooled,relation_tier,cumulative,tier1,f1,0.065217,
pooled,relation_tier,cumulative,tier1,tp,9,
pooled,relation_tier,cumulative,tier1,fp,223,
pooled,relation_tier,cumulative,tier1,fn,35,
pooled,relation_tier,cumulative,tier2,precision,0.0,
pooled,relation_tier,cumulative,tier2,recall,0.0,
pooled,relation_tier,cumulative,tier2,f1,0.0,
pooled,relation_tier,cumulative,tier2,tp,0,
pooled,relation_tier,cumulative,tier2,fp,5,
pooled,relation_tier,cumulative,tier2,fn,7,
pooled,relation_tier,cumulative,tier3,precision,0.0,
pooled,relation_tier,cumulative,tier3,recall,0.0,
pooled,relation_tier,cumulative,tier3,f1,0.0,
pooled,relation_tier,cumulative,tier3,tp,0,
pooled,relation_tier,cumulative,tier3,fp,1,
pooled,relation_tier,cumulative,tier3,fn,0,
pooled,relation,cumulative,ALL,micro_precision,0.037815,
pooled,relation,cumulative,ALL,micro_recall,0.176471,
pooled,relation,cumulative,ALL,micro_f1,0.062284,
pooled,relation,cumulative,ALL,macro_f1,0.009858,
9,tier3,,reference_count,count,0,
9,tier3,,v1_count_chapter_local,count,0,
9,tier3,,v1_count_cumulative,count,0,
9,tier3,,matched_count,count,0,
17,tier3,,reference_count,count,0,
17,tier3,,v1_count_chapter_local,count,0,
17,tier3,,v1_count_cumulative,count,0,
17,tier3,,matched_count,count,0,
37,tier3,,reference_count,count,0,
37,tier3,,v1_count_chapter_local,count,1,
37,tier3,,v1_count_cumulative,count,1,
37,tier3,,matched_count,count,0,
37,tier3,,v1_holds_TRANSMIGRATED_INTO,bool,True,
37,tier3,,reference_has_matching_tier3,bool,False,
pooled,tier3,,reference_count,count,0,
pooled,tier3,,v1_count_chapter_local,count,1,
pooled,tier3,,matched_count,count,0,
9,ranking,,P@10,value,0.4,
9,ranking,,P@20,value,0.25,
9,ranking,,Recall@20,value,1.0,
9,ranking,,MAP,value,0.701389,
9,ranking,,AUC,value,0.7875,
9,ranking,,ranked_entities,count,21,
9,ranking,,positive_entities,count,5,
17,ranking,,P@10,value,0.6,
17,ranking,,P@20,value,"not measured: only 18 ranked entities, fewer than 20",
17,ranking,,Recall@20,value,"not measured: only 18 ranked entities, fewer than 20",
17,ranking,,MAP,value,0.60079,
17,ranking,,AUC,value,0.65,
17,ranking,,ranked_entities,count,18,
17,ranking,,positive_entities,count,8,
37,ranking,,P@10,value,"not measured: only 9 ranked entities, fewer than 10",
37,ranking,,P@20,value,"not measured: only 9 ranked entities, fewer than 20",
37,ranking,,Recall@20,value,"not measured: only 9 ranked entities, fewer than 20",
37,ranking,,MAP,value,0.930556,
37,ranking,,AUC,value,0.833333,
37,ranking,,ranked_entities,count,9,
37,ranking,,positive_entities,count,6,
pooled,ranking,,P@10,value,0.4,
pooled,ranking,,P@20,value,0.25,
pooled,ranking,,Recall@20,value,0.263158,
pooled,ranking,,MAP,value,0.441425,
pooled,ranking,,AUC,value,0.397459,
9,rejected_mention_emitted,,quiet,v1_canonical_name,quiet (Concept),A sensory or behavioral abstraction rather than an entity.
9,rejected_mention_emitted,,gilded rooms,v1_canonical_name,gilded rooms (Place),"A generic description of the interiors of Vell Hall, not a separate identifiable place."
9,rejected_mentions,,scored,count,14,
9,rejected_mentions,,emitted_by_v1,count,2,
9,rejected_mentions,,emitted_rate,value,0.142857,
17,rejected_mention_emitted,,ambition,v1_canonical_name,ambition (Concept),A personal quality rather than a named ability or independently established concept.
17,rejected_mention_emitted,,rooms,v1_mention_surface,gilded rooms (Place),Generic physical spaces without individually identifiable locations.
17,rejected_mention_emitted,,doors,v1_mention_surface,Undercroft (Place),Figurative references to opportunities rather than identifiable physical objects.
17,rejected_mentions,,scored,count,19,
17,rejected_mentions,,emitted_by_v1,count,3,
17,rejected_mentions,,emitted_rate,value,0.157895,
37,rejected_mention_emitted,,Undercroft collapse,v1_canonical_name,Undercroft collapse (Event),The collapse is described as a past occurrence but is not given a distinct event name in the chapter. The location itself is annotated separately.
37,rejected_mentions,,scored,count,16,
37,rejected_mentions,,emitted_by_v1,count,1,
37,rejected_mentions,,emitted_rate,value,0.0625,
pooled,rejected_mentions,,scored,count,49,
pooled,rejected_mentions,,emitted_by_v1,count,6,
pooled,rejected_mentions,,emitted_rate,value,0.122449,
